"FQ_ID","QUESTION"
"1","我想知道我贷记卡的自动还款账号"
"1","我想知道我贷记卡哪个账号在自动扣款"
"1","我贷记卡哪个账号在自动还款"
"1","贷记卡查询自扣还款账号"
"1","贷记卡自动还款的是哪个账号"
"1","帮忙查一下我贷记卡的自动还款账号"
"1","查一下贷记卡的自动还款账号"
"1","查一下我哪个贷记卡账号在自动还款"
"1","我需要知道我贷记卡的自动还款账号"
"1","我的贷记卡在自动还款的是哪个账号"
"1","我想看看我的贷记卡自动还款账号是哪个"
"10","你们哪几个网点可以购买个人存款证明"
"10","购买个人存款证明有指定网点吗"
"10","我可以去哪些网点购买个人存款证明"
"10","购买个人存款证明的受理网点在哪里"
"10","你们所有的网点都可以购买个人存款证明吗"
"100","怎么样才能进行借记卡短信提醒开通"
"100","借记卡短信提醒开通怎么进行"
"100","借记卡短信提醒开通需要哪些材料"
"100","借记卡短信提醒开通需要准备些什么"
"100","想要进行借记卡短信提醒开通该怎么办"
"100","借记卡短信提醒该怎么开通"
"101","怎样自助开通企业手机银行"
"101","自助开通手机银行的方法"
"101","想开通企业手机银行该如何操作"
"101","企业手机银行要怎么自助开通"
"101","自助办理企业手机银行"
"101","自助开通企业手机银行"
"101","如何开通企业手机银行"
"102","贷记卡销户在哪儿办"
"102","贷记卡销户"
"102","贷记卡的销户需要带什么"
"102","我怎么才能办信用卡的销户"
"102","我怎么才能办贷记卡的销户"
"102","在哪儿可以办信用卡的销户"
"102","在哪儿可以办贷记卡的销户"
"102","在电话里面能办信用卡销户嘛"
"102","在电话里面能办贷记卡销户嘛"
"102","信用卡的销户需要带什么"
"102","去柜台办信用卡的销户要带什么"
"102","去柜台办贷记卡的销户要带什么"
"102","信用卡销户在哪儿办"
"103","基金多少次无法扣款会取消定投"
"103","基金定投多少次扣款不成功后取消"
"103","基金定投第几次扣款不成功的时候会取消"
"103","基金定投的时候扣款多次是不是会被取消"
"103","几次扣款没有成功会取消基金定投"
"104","存折短信通知号码修改需要准备些什么"
"104","想要进行存折短信通知号码修改该怎么办"
"104","存折短信通知号码修改需要哪些材料"
"104","存折短信通知号码该怎么修改"
"104","怎么样才能进行存折短信通知号码修改"
"104","存折短信通知号码修改怎么进行"
"105","借记卡的余额可以在语音里面查吗"
"105","借记卡消费明细能在语音查吗"
"105","可以在电话里面查借记卡余额吗"
"105","怎么在客服热线查询借记卡明细"
"105","怎么在你们的电话里面查借记卡余额"
"105","怎么在语音系统查借记卡余额"
"106","你们有个人的存款证明吗"
"106","哪里可以打印个人存款证明"
"106","办理个人存款证明要提交哪些手续"
"106","个人存款证明怎么办理"
"106","我想办理个人的存款证明"
"107","我用电子钱包卡在消费商家说没有收到钱但是我已经扣款了"
"107","电子钱包卡金额核对不上怎么查询"
"107","我的电子钱包卡余额和上一笔支付后的金额核对不上"
"107","我的电子钱包卡刚刚圈存的钱怎么没有到账"
"107","电子钱包卡上钱已扣商家查不到这一笔记录"
"108","企业网银可不可以跨行批量转账"
"108","企业网银代发的工资可以转到其他银行吗"
"108","公司发工资可以发到其他银行吗"
"108","公司发工资必须发到你们银行吗"
"108","向其他行账户批量转账如何操作"
"108","企业网银能否向其他银行账户批量转账"
"108","怎么向其他银行账户批量转账"
"108","批量转账对象可否为其他行"
"108","你们可以把工资发到其他银行吗"
"108","能不能向其他银行账户批量转账"
"108","企业网银的代发工资必须转到你们银行吗"
"109","组织机构代码证信息如何同步到企业网银"
"109","客户组织机构代码证获取失败该怎么处理"
"109","如何解决客户组织机构代码证获取失败"
"109","怎么才能解决客户组织机构代码证获取失败的问题"
"109","企业网银如何同步组织机构代码证信息"
"109","提示客户组织机构代码证获取失败怎么办"
"11","怎么才能用蜜蜂校园卡做校园充值"
"11","我想知道蜜蜂校园卡怎么校园充值的"
"11","请问一下蜜蜂校园卡的校园充值是怎么做的"
"11","蜜蜂校园卡怎么校园充值"
"11","蜜蜂校园卡怎么实现校园充值"
"11","蜜蜂校园卡能不能在学校里面充值"
"11","问一下蜜蜂校园卡怎么用来校园充值"
"11","蜜蜂校园卡的校园充值怎么做"
"110","如何连接手机银行蓝牙蜜盾"
"110","手机银行蓝牙蜜盾连接步骤"
"110","手机银行蓝牙蜜盾连接方法"
"110","为什么蓝牙蜜盾和手机连接不上"
"110","蓝牙蜜盾如何和手机匹配"
"111","信用卡商城地址发一下"
"111","信用卡的商城在哪儿"
"111","提供一下信用卡的商城地址"
"111","我需要去信用卡商城消费"
"111","信用卡是不是有商城"
"111","有信用卡商城的网站吗"
"111","发一下信用卡的商城网址"
"111","我找一下信用卡商城"
"112","企业网银电子票据提示付款后如何查找"
"112","企业网银电子票据已经逾期提示付款为什么查不到"
"112","企业网银电子票据逾期后如何查找"
"112","企业网银电子票据逾期后提示付款"
"112","为什么企业网银电子票据已经逾期提示付款却查不到"
"113","我的综合积分现在还能兑换礼品嘛"
"113","我的综合积分可以兑换什么物品"
"113","我的综合积分可以兑换物品嘛"
"113","你们最近综合积分兑换有什么物品参加活动"
"113","现在的综合积分兑换有活动嘛"
"113","我能不能拿我的综合积分兑换物品"
"113","我的综合积分能不能兑换东西"
"113","我的综合积分想换物品"
"114","一卡通代扣怎么办理"
"114","你们有一卡通代扣业务吗"
"114","水电煤气可以绑定代扣吗"
"114","哪里可以办理一卡通代扣"
"114","我想绑定一卡通代扣业务"
"115","我想改一下我信用卡的免密支付额度"
"115","信用卡的免密支付额度可以更改嘛"
"115","信用卡的免密额度是不是可以修改"
"115","我的信用卡的免密支付的额度能不能修改"
"115","我的信用卡免密额度能不能修改"
"115","我的信用卡免密支付的额度是否可以修改"
"115","我需要修改信用卡的免密支付额度"
"115","我需要修改我信用卡的免密支付额度"
"115","我想修改信用卡的免密额度"
"116","是不是赎回周周利之后本金也是一起退的"
"116","赎回周周利之后本金也一起退嘛"
"116","周周利赎回本金同时退回嘛"
"116","周周利赎回本金什么时候到账"
"116","周周利的本金什么时候退"
"116","周周利的本金什么时候到账"
"116","周周利的本金和赎回同时到账嘛"
"116","周周利不买之后什么时候本金到账"
"116","我不想续费周周利了本金什么时候回来"
"116","我的周周利不买了本金什么时候退"
"117","借记卡活期转定期怎么进行"
"117","准备哪些材料才能进行借记卡活期转定期"
"117","借记卡活期转定期怎么办"
"117","借记卡活期转定期需要准备些什么"
"117","借记卡活期转定期如何处理"
"117","借记卡活期转定期需要哪些材料"
"118","我想知道怎么才能关掉手机银行"
"118","手机银行能不能关闭"
"118","请问一下关闭手机银行需要怎么做"
"118","我需要关闭掉我的手机银行"
"118","手机银行能不能把他关掉"
"118","关闭手机银行的手续是怎么用的"
"118","我想关闭手机银行"
"118","怎么关闭手机银行"
"118","手机银行的关闭需要走什么程序"
"118","我想要关闭手机银行"
"119","信用卡年费怎么算"
"119","信用卡年费怎么收取"
"119","信用卡年费是多少"
"119","信用卡年费多少"
"119","信用卡要年费嘛"
"119","信用卡要不要交年费"
"119","怎么收信用卡的年费"
"119","我的信用卡一年交多少年费"
"119","信用卡有没有年费"
"119","信用卡怎么收年费"
"12","准备哪些材料才能进行办理企业五证合一"
"12","企业办理五证合一需要准备些什么"
"12","企业五证合一办理怎么进行"
"12","企业五证合一如何办理"
"12","企业五证合一需要哪些材料"
"12","企业需要办理五证合一该怎么办"
"120","我想知道黄金的购买时间"
"120","什么时候能买你们的黄金"
"120","什么时间段可以买你们的黄金"
"120","我想买黄金的话什么时候可以买"
"120","我想问一下你们的黄金什么时候可以买"
"120","我什么时候才能买你们的黄金"
"120","黄金有没有购买时间"
"120","你们的黄金的购买有时间段嘛"
"120","你们的黄金有购买时间嘛"
"121","如何进入企业网上银行操作界面"
"121","如何进入企业网上银行系统"
"121","如何进入企业网上银行主页"
"121","企业网上银行登陆入口在哪"
"121","怎样登陆企业网上银行"
"122","这张卡能不能网购"
"122","这张卡我要网上购物"
"122","这张卡要开通网银"
"122","这张卡怎么开通网银"
"122","网银需要开通一下"
"122","网银怎么开通"
"122","我的卡能不能开通网银"
"122","我想开通网银"
"122","我要开通网银"
"122","我要添加到支付宝"
"123","如何购买基金"
"123","基金要怎么购买"
"123","购买基金要办理什么手续"
"123","购买基金要提交什么资料"
"123","哪里可以购买基金"
"124","单日网银转账有限额吗"
"124","网银转账的单日交易限额是多少"
"124","网银转账的单日限额是多少"
"124","网银转账交易限额超过当日限额怎么办"
"124","网银转账每日转账限额是多少"
"124","网银转账有单日限额吗"
"125","信用卡的额度是多少"
"125","信用卡的额度现在是多少"
"125","我想查一下我贷记卡的额度"
"125","我想查一下我信用卡的额度"
"125","我想看我的贷记卡额度"
"125","贷记卡的额度现在是多少"
"125","贷记卡额度"
"125","贷记卡额度是多少"
"125","我的贷记卡额度是多少"
"125","我的信用卡额度是多少"
"125","我看一下我的信用卡额度"
"126","提示我说beekey密码锁了"
"126","我想问一下beekey被锁了要怎么办"
"126","我想问一下beekey密码被锁了要怎么办"
"126","登录网银的时候多试了几次beekey密码被锁了"
"126","我登录网银的时候说beekey密码被锁了"
"126","我的beekey被锁了"
"127","我需要修改借记卡的免密支付额度"
"127","我需要修改我借记卡的免密支付额度"
"127","借记卡的免密额度是不是可以修改"
"127","借记卡的免密支付额度可以更改嘛"
"127","我想修改借记卡的免密额度"
"127","我的借记卡的免密支付的额度能不能修改"
"127","我的借记卡免密额度能不能修改"
"127","我的借记卡免密支付的额度是否可以修改"
"127","我想改一下我借记卡的免密支付额度"
"128","我需要查企业网银大批量转账的记录"
"128","怎么查询企业网银批量代发明细"
"128","企业网银批量代发结果查询"
"128","企业网银批量代发明细查询"
"128","企业网银批量转账的明细"
"128","企业网银怎么查批量转账的历史纪录"
"128","企业网银怎么查批量转账的明细"
"128","如何查询企业网银批量代发的结果"
"128","如何查询企业网银批量代发结果"
"128","如何查询企业网银批量代发明细"
"128","想查一下企业网银的批量转账记录"
"128","企业网银代发工资结果查询"
"128","企业网银代发工资明细查询"
"129","账号进行挂失新开或者销户不想丢失签约的理财"
"129","账号进行挂失新开或者销户时还想保留签约的基金"
"129","账号进行挂失新开或者销户时还想保留签约的理财"
"129","账号进行挂失新开或者销户时基金会丢失吗"
"129","账号进行挂失新开或者销户时理财会丢失吗"
"129","账号进行挂失新开或者销户时能不能保留基金"
"129","账号进行挂失新开或者销户时能不能保留理财"
"129","账号进行挂失新开或者销户不想丢失签约的基金"
"13","去柜台办五一服务卡的销户要带什么"
"13","五一服务卡的销户需要带什么"
"13","五一服务卡的销户需要什么资料"
"13","五一服务卡销户的程序是什么"
"13","五一服务卡销户在哪儿办"
"13","我怎么才能办五一服务卡的销户"
"13","在电话里面能办五一服务卡销户嘛"
"13","在哪儿可以办五一服务卡的销户"
"13","我可以在哪儿办五一服务卡销户"
"13","我想办一下五一服务卡的销户"
"13","五一服务卡怎么销户"
"130","visa在国外的单日取款额度"
"130","visa在国外取款一笔最多可以刷多少"
"130","visa在国外取现最多每天刷多少钱"
"130","visa在国外取现最多一笔刷多少钱"
"130","visa在国外刷卡每天最多可以取多少"
"130","我想知道visa信用卡在国外每天可以取多少钱"
"130","我想知道visa信用卡在国外一笔可以取多少钱"
"130","我想知道visa在国外的单笔取款额度"
"130","我想知道visa在国外的单日取款额度"
"130","visa信用卡国外取钱的单日额度是多少"
"130","visa信用卡国外取现金的单笔额度是多少"
"130","visa信用卡境外取现单日限额"
"130","visa信用卡境外取现每月限额"
"130","visa信用卡是不是在国外取钱每笔都有额度"
"130","visa信用卡是不是在国外取现金每日都有额度"
"130","visa信用卡在国外的单笔取款额度是多少"
"130","visa信用卡在国外的单日取款额度是多少"
"130","visa信用卡在国外的每天可以取多少钱"
"130","visa信用卡在国外的一笔可以取多少钱"
"130","visa的国外单笔取现最多是多少"
"130","visa的国外单日取款是多少"
"130","visa在国外的单笔取款额度"
"131","借记卡小额付款不需要密码能不能关闭"
"131","借记卡小额免密关闭"
"131","我的借记卡能不能关闭小额付款不需要密码"
"131","我的借记卡能不能关闭小额免密付款"
"131","我的借记卡想关闭小额免密"
"131","我想关闭借记卡小额付款不输密码"
"131","我想借记卡小额付款不输密码"
"132","在非工作日可以操作企业网银小额交易吗"
"132","在非工作日可以受理企业网银小额交易吗"
"132","企业网银小额交易在非工作日可用吗"
"132","企业网银小额交易在非工作日受理吗"
"132","企业网银小额业务交易时间"
"132","企业网银小额业务开放时间"
"132","企业网银小额业务受理时间"
"133","我可以在网上用蜜蜂贷记卡吗"
"133","我可以在网上用蜜蜂信用卡吗"
"133","我能不能网上支付的时候用你们的蜜蜂贷记卡"
"133","我能不能网上支付的时候用你们的蜜蜂信用卡"
"133","蜜蜂贷记卡可以网上支付吗"
"133","蜜蜂贷记卡是否支持网上支付"
"133","蜜蜂信用卡可以网上支付吗"
"133","你们的蜜蜂贷记卡支持网上付款吗"
"133","你们的蜜蜂信用卡支持网上付款吗"
"134","想取消企业网银已调教的交易该怎么操作"
"134","如何取消企业网银已提交的交易"
"134","怎么取消企业网银预约交易"
"134","企业网银直接支付交易可以取消吗"
"134","企业网银已提交的交易是否可以支付"
"134","企业网银预约支付交易可以取消吗"
"135","如何办理网银证书过期问题"
"135","网银证书到期更换"
"135","网银证书到期了怎么办"
"135","网银证书到期如何办理"
"135","网银证书到期什么意思"
"135","网银证书过期"
"135","怎么处理我的网银证书到期问题"
"135","我的网银证书到期了"
"135","我的网银证书过期了要补办吗"
"136","信用卡账单需要补寄"
"136","信用卡账单找不到了需要补寄一份"
"136","贷记卡账单补寄"
"136","贷记卡账单需要补寄"
"136","贷记卡账单找不到了需要补寄一份"
"136","先前发给我的贷记卡账单找不到了能不能再寄一份"
"136","先前发给我的信用卡账单找不到了能不能再寄一份"
"136","能不能补寄一份贷记卡的账单"
"136","能不能补寄一份信用卡的账单"
"137","企业网银不同登录方式有什么区别"
"137","企业网银的登录方式有何区别"
"137","企业网银的所有登录方式"
"137","企业网银登录方式有什么区别"
"137","可以通过哪些方式登录企业网银"
"137","企业网银都有什么登录方式"
"137","企业网银各种登录方式有什么区别"
"137","企业网银还能通过其他方式登录吗"
"137","企业网银可以怎么登录"
"137","企业网银是否有其他的登录方式"
"137","企业网银有哪几种登录方法"
"137","企业网银有哪些登录方式"
"138","电子标签的优惠期限"
"138","电子标签是不是有通行优惠"
"138","etc的电子标签通行有多少优惠"
"138","etc的电子标签有没有优惠"
"138","etc是不是有通行优惠"
"138","使用ETC电子标签是否通行有优惠"
"138","我买电子标签通行有优惠吗"
"138","办理电子标签的话出行是不是有优惠"
"138","你们的电子标签通行打几折"
"139","电子钱包卡的损坏是否需要补办"
"139","电子钱包卡的损坏影响到了我的使用"
"139","电子钱包卡坏了的话补办要不要钱"
"139","电子钱包卡坏了能不能补办"
"139","电子钱包卡损坏是否需要补办"
"139","电子钱包卡怎么会坏"
"139","我的电子钱包卡坏了怎么办"
"139","我的电子钱包卡损坏可以重新开卡嘛"
"139","我的电子钱包卡损坏了影响我的使用了"
"139","我的电子钱包卡怎么坏了"
"14","办理手机银行业务需要什么材料"
"14","我要是去网点办企业手机银行需要带什么"
"14","我想开通企业手机银行应该怎么操作"
"14","开通企业的手机银行需要带什么材料"
"14","开通企业手机银行需要带什么证件"
"14","开通企业手机银行需要准备什么东西"
"14","我去办公司办企业手机银行需要带什么材料"
"140","准备哪些材料才能进行企业账户现金取款"
"140","企业账户现金怎么进行取款"
"140","企业账户现金如何取款"
"140","企业账户现金取款需要准备些什么"
"140","企业账户现金取款需要哪些材料"
"140","企业账户现金取款如何办理"
"141","visa信用卡丢了怎么办"
"141","visa信用卡丢失怎么补办"
"141","visa信用卡遗失后该怎么办"
"141","visa信用卡怎么补办"
"141","怎么补一张visa信用卡"
"141","我的visa信用卡找不到了"
"141","我想知道怎么补办visa信用卡"
"141","我要补办visa信用卡"
"141","我的visa信用卡丢了"
"141","我的visa信用卡丢了怎么挂失"
"142","怎么设置常用付款账户"
"142","如何把账户设置为常用付款账户"
"142","如何设置企业网银常用付款账户"
"142","常用付款账户的设置在哪"
"142","设置常用付款账户流程"
"143","我的信用卡是不是每天只能免密支付额度是固定的"
"143","信用卡小额免密单笔限额"
"143","信用卡小额免密单日限额"
"143","信用卡的免密每笔有多少额度"
"143","信用卡的免密每天有多少额度"
"143","信用卡每笔的免密支付额度是多少"
"143","信用卡每笔有多少的免密额度"
"143","信用卡每天的免密支付额度是多少"
"143","信用卡每天有多少的免密额度"
"143","信用卡的每笔免密额度是多少"
"143","信用卡的每天免密额度是多少"
"143","我想问一下信用卡的每日免密支付额度是多少"
"143","我想问一下信用卡的免密支付单笔额度是多少"
"143","我想查一下我的信用卡的单笔免密额度"
"143","我想查一下我每天的信用卡的免密额度"
"143","我的信用卡每笔的免密额度是多少"
"143","我的信用卡每天的免密额度是多少"
"143","我的信用卡是不是每笔只能免密支付的额度是固定的"
"144","电子商业承兑汇票怎么转换成纸质商业承兑汇票"
"144","电子商业承兑汇票如何变为纸质商业承兑汇票"
"144","纸质商业承兑汇票怎么转换成电子商业承兑汇票"
"144","纸质商业承兑汇票如何变为电子商业承兑汇票"
"144","纸质商业承兑汇票能不能转为电子票据"
"144","纸质商承能否转换为电子汇票"
"144","纸质票据和电子票据能否相互转换"
"144","柜面的电子票据能否转成纸质票据"
"144","电子商承能否转换为纸质汇票"
"144","电子商业承兑汇票能不能转为纸质票据"
"145","借记卡定期转活期需要准备些什么"
"145","借记卡定期转活期需要哪些材料"
"145","借记卡定期转活期如何处理"
"145","准备哪些材料才能进行借记卡定期转活期"
"145","借记卡定期转活期怎么进行"
"145","借记卡定期转活期怎么办"
"146","企业网银电票兑付完成后是否有提示"
"146","企业网银电票兑付完成后是否有提醒"
"146","企业网银电票兑现后是否有提醒"
"146","企业网银电票兑现后是否有提示"
"146","银行在企业网银电票兑现成功后是否会提示"
"147","融合卡如何办理注销"
"147","融合卡注销要办理什么手续"
"147","我要把融合卡注销"
"147","融合卡哪里可以销户"
"147","融合卡会自动注销吗"
"148","校园卡圈存以后会有短信提醒吗"
"148","校园卡圈存的短信是实时发送的吗"
"148","校园卡圈存成功的短信什么时候会发送"
"148","校园卡的圈存短信怎么没有收到"
"148","校园卡圈存成功的短信会立刻收到吗"
"149","我在国外把卡丢了"
"149","我的卡在国外被盗刷了"
"149","我的卡丢在国外了"
"149","我人在国外卡丢了"
"149","信用卡在国外被盗刷"
"149","短信提示说我的卡在国外被刷了"
"149","境外挂失"
"149","境外盗刷"
"149","怎么在国外挂失信用卡"
"149","境外怎么挂失"
"15","存折活期余额查询需要哪些材料"
"15","想要进行存折活期余额查询该怎么办"
"15","怎么样才能进行存折活期余额查询"
"15","存折活期余额该怎么查询"
"15","存折活期余额查询怎么进行"
"15","存折活期余额查询需要准备些什么"
"150","借记IC卡交易密码遗忘如何处理"
"150","准备哪些材料才能进行借记IC卡交易密码遗忘找回"
"150","借记IC卡交易密码遗忘找回需要哪些材料"
"150","借记IC卡交易密码遗忘需要准备些什么"
"150","借记IC卡交易密码遗忘怎么进行找回"
"150","借记IC卡交易密码遗忘怎么办"
"151","我的网银专业版显示数字签名错误怎么办"
"151","网银专业版显示数字签名错误是什么原因"
"151","为什么网银专业版显示数字签名错误"
"151","哪些情况会导致网银专业版显示数字签名错误"
"151","网银专业版显示数字签名错误如何解决"
"152","金领卡消费是不是可以免手续费的"
"152","金领卡消费的手续费怎么算"
"152","金领卡消费的手续费如何收取"
"152","金领卡去消费要收取手续费吗"
"152","金领卡消费有手续费吗"
"153","什么情况下会变为不动户"
"153","账户为什么会转为不动户"
"153","账户变为不动户的条件"
"153","怎么样就是不动户了"
"153","不动户的生成条件"
"154","理财风险评估只能在网点柜台办理吗"
"154","做理财风险评估的渠道有哪些"
"154","手机银行可以做理财风险评估吗"
"154","哪里可以做理财风险评估"
"154","我要买理财哪里可以做风险评估"
"155","企业开户最多跑一次的标准是什么"
"155","企业开户最多跑一次的目标是什么"
"155","企业开户最多跑一次的规定标准是什么"
"155","企业开户最多跑一次是什么意思"
"155","什么是企业开户最多跑一次"
"156","企业网银证书信息有误怎么办"
"156","企业网银证书信息为什么会报错"
"156","如何解决企业网银证书信息有误"
"156","企业网银证书信息有误的原因是什么"
"156","为什么提示企业网银证书信息有误"
"157","蓝牙蜜盾怎么和手机匹配"
"157","如何操作蓝牙蜜盾"
"157","企业手机银行蓝牙蜜盾操作方法"
"157","为什么蓝牙蜜盾和手机无法匹配"
"157","蓝牙蜜盾开机后如何操作"
"157","企业手机银行蓝牙蜜盾操作步骤"
"158","存款利率"
"158","定期利率是多少"
"158","定期存款有多少利息"
"158","定期存款利率是多少"
"158","存款利息是多少"
"158","查一下定期存款的利率"
"159","存折磁性没有了怎么办"
"159","存折不能读取磁条了"
"159","存折刷不出来怎么办"
"159","存折消磁了怎么办"
"159","存折没磁性了可以换吗"
"159","存折没磁了"
"159","存折可以补磁吗"
"16","我需要etc的电子发票"
"16","etc开的发票是纸质的吗"
"16","etc开的是纸质发票吗"
"16","etc可以开纸质发票吗"
"16","etc能不能开电子发票"
"16","etc能开发票吗"
"16","etc怎么开电子发票"
"16","我能不能开etc的电子发票"
"160","我想知道时间银行卡"
"160","我想知道什么是时间银行卡"
"160","时间银行卡简单了解一下"
"160","时间银行卡是什么"
"160","什么是时间银行卡"
"160","我能不能了解一下时间银行卡"
"160","我想了解一下时间银行卡"
"160","我的时间银行卡是什么"
"160","能不能简单介绍一下时间银行卡"
"161","怎么使用你们的银行卡通过手机支付进出闸机"
"161","怎么使用手机pay来进出闸机"
"161","怎么使用手机支付进出闸机"
"161","怎么用手机进出闸机"
"161","手机支付进出闸机的话怎么用你们的银行卡支付"
"161","手机支付进出闸机怎么用"
"161","手机pay进出闸机怎么用"
"161","我想用手机支付进出闸机怎么操作"
"161","我的手机绑定了你们的银行卡怎么进出闸机"
"161","我要是用手机进出闸机怎么使用你们的银行卡"
"162","开通电子票据业务后菜单在哪"
"162","开通电子票据业务后怎么操作"
"162","电子票据按钮在哪"
"162","电子票据菜单在哪"
"162","为什么已经开通了电子票据业务却找不到按钮"
"162","为什么已经开通了电子票据业务却找不到菜单"
"163","准备哪些材料才能进行企业支票购买"
"163","怎么才能购买企业支票"
"163","企业支票购买如何办理"
"163","企业支票购买需要哪些材料"
"163","企业支票购买需要准备些什么"
"163","企业支票怎么进行购买"
"164","在电话里面能办蜜蜂校园卡销户嘛"
"164","在哪儿可以办蜜蜂校园卡的销户"
"164","我可以在哪儿办蜜蜂校园卡销户"
"164","我想办一下蜜蜂校园卡的销户"
"164","我怎么才能办蜜蜂校园卡的销户"
"164","蜜蜂校园卡的销户需要带什么"
"164","蜜蜂校园卡的销户需要什么资料"
"164","蜜蜂校园卡销户的程序是什么"
"164","蜜蜂校园卡销户在哪儿办"
"164","蜜蜂校园卡怎么销户"
"164","去柜台办蜜蜂校园卡的销户要带什么"
"165","你们怎么把贷记卡账单寄给我呢"
"165","你们怎么把信用卡账单寄给我呢"
"165","信用卡的账单可以怎么寄"
"165","我想让你们把贷记卡的账单寄给我"
"165","我想让你们把信用卡的账单寄给我"
"165","你们的贷记卡寄送有哪几种方式"
"165","你们的贷记卡账单寄送方式有哪些"
"165","你们的信用卡寄送有哪几种方式"
"165","你们的信用卡账单寄送方式有哪些"
"165","贷记卡的账单可以怎么寄"
"165","贷记卡账单寄送方式"
"166","如何打印企业网银电子票据"
"166","怎么打印网银电子回单"
"166","企业网银电子票据回单哪里可以打印"
"166","打印电子票据入口"
"166","电子票据在哪打印"
"167","个人存款证明的计费标准是怎样的"
"167","个人存款证明的计费方式是什么"
"167","个人存款证明是免费的吗"
"167","个人存款证明要多少钱"
"167","个人存款证明要收费吗"
"168","我的etc还能不能再加几辆车"
"168","我的etc签约了还能多增加车辆嘛"
"168","我的etc已经签约是否还能新加车辆"
"168","我能不能在etc上多加几辆车"
"168","我想在我的etc上再多加几辆车"
"168","我已经签约了还能再加车辆嘛"
"168","已经签约的etc还能新增车辆嘛"
"168","签约之后的etc还能加车辆吗"
"169","信用卡的消费记录是怎么样的"
"169","信用卡的交易流水可以看吗"
"169","我想看一下最近信用卡的流水"
"169","我想看信用卡的交易流水"
"169","想看一下信用卡的流水"
"169","信用卡最近的交易"
"169","信用卡最近的流水"
"169","信用卡最近的消费记录看一下"
"169","我可以看信用卡的交易记录吗"
"169","方便看信用卡的交易流水吗"
"17","用五一服务卡坐地铁打折嘛"
"17","我想了解一下五一服务卡坐地铁是打几折"
"17","我想问一下五一服务卡坐地铁的话打几折"
"17","我想问一下五一服务卡坐地铁的话打折嘛"
"17","请问一下五一服务卡坐地铁打不打折"
"17","请问一下五一服务卡坐地铁是打几折"
"17","五一服务卡在宁波坐地铁打几折"
"17","五一服务卡坐地铁打几折"
"17","五一服务卡坐地铁能不能打折"
"17","我想知道五一服务卡坐地铁是不是可以打折"
"170","在哪里下载企业网银软件"
"170","在哪里下载企业网银客户端"
"170","企业网银下载地址"
"170","如何将企业网银下载到桌面"
"170","如何将企业网银下载到电脑"
"171","信用卡每个不同的分期是各收多少的手续费"
"171","信用卡的分期手续费是怎么算的"
"171","信用卡的分期是怎么样的"
"171","信用卡每次分期收费多少"
"171","信用卡可以怎么分期"
"171","信用卡各个分期收多少手续费"
"171","信用卡分期还款是什么样的利息"
"171","信用卡分期还款是多少的手续费"
"172","1类户是什么"
"172","一类户是什么"
"172","一类户有哪些功能"
"172","1类户有哪些功能"
"172","Ⅰ类户有哪些功能"
"172","什么是一类户"
"173","我的积分现在是几分了"
"173","我的个人积分现在是多少"
"173","我想查一下我的积分"
"173","我的积分有多少了"
"173","请问一下我的积分是多少"
"173","我想看一下我的积分"
"173","我要查一下我的积分现在多少了"
"173","我的积分现在能查吗"
"173","我的个人积分已经积累的怎么样了"
"173","我需要查一下我的积分"
"174","visa信用卡的利息是在消费之后多久给"
"174","visa消费免收利息的周期是多久"
"174","visa消费免收利息的时间"
"174","visa消费多久不用给利息"
"174","visa信用卡消费在多久之后要给利息"
"174","visa信用卡消费什么时间之内可以不用给利息"
"174","visa信用卡消费能不能不给利息"
"174","visa信用卡消费不用给利息的周期是多久"
"174","visa信用卡消费不用给利息的时间"
"174","什么时间之内visa信用卡不用利息"
"175","你们的ATM机取款是额度限制的嘛"
"175","你们的ATM机取款额度"
"175","我在你们的ATM机上取款有没有额度限制"
"175","我要是在国内的ATM机上取款有没有额度限制"
"175","在你们的ATM机上取款有额度限制吗"
"175","在国外ATM机上取款有没有额度限制"
"175","ATM机操作境外取款额度"
"175","借记卡ATM取款额度是多少"
"175","借记卡ATM机境内取款额度"
"176","蓝牙蜜盾要充电才能使用吗"
"176","蓝牙蜜盾需要充电吗"
"176","蓝牙蜜盾如何充电"
"176","蓝牙蜜盾的充电方法"
"176","插入蓝牙蜜盾为什么没反应"
"177","你们的资金托管业务和哪些证券公司有合作"
"177","你们可以办理所有证券公司的资金托管业务"
"177","你们可以办理哪些证券公司的资金托管业务"
"177","你们和哪些证券公司有资金托管业务往来"
"177","你们的资金托管业务只针对哪些证券公司的"
"177","可以办理哪些证券公司的资金托管业务"
"178","网银转账业务收费标准"
"178","网银转账有手续费吗"
"178","网银转账如何收费"
"178","网银转账手续费查询"
"178","网银转账手续费如何收取"
"179","社保卡可不可以代办"
"179","社保卡一定要本人办理吗"
"179","帮别人办社保卡有什么要求吗"
"179","本人不方便可以代理办社保卡吗"
"179","我可不可以给我孩子办社保卡"
"179","我给我爸办社保卡要带什么资料"
"179","我给我孩子办社保卡可以吗"
"179","我给我孩子办社保卡要带什么资料"
"179","我给我妈办社保卡要带什么资料"
"179","你们银行有代办社保卡这个业务吗"
"18","3类户的取款额度是多少"
"18","3类户最多可以取多少钱"
"18","Ⅲ类户最多可以取多少钱"
"18","三类户最多可以取多少钱"
"18","三类户的取款额度是多少"
"180","金领卡的账单日可以申请更改吗"
"180","金领卡的账单日是什么时候"
"180","金领卡的账单日怎么计算的"
"180","金领卡什么时候出账单"
"180","金领卡有固定的账单日吗"
"181","残缺的人民币该如何兑换"
"181","残缺人民币的兑换标准是什么"
"181","残缺的人民币可以兑换吗"
"181","残缺的人民币兑换有什么要求"
"181","残缺到什么程度的人民币可以兑换新的"
"181","污损人民币的兑换标准是什么"
"181","污损的人民币可以兑换吗"
"181","污损的人民币该如何兑换"
"181","污损的人民币兑换有什么要求"
"181","污损到什么程度的人民币可以兑换新的"
"182","企业网上银行票据业务的线下清算与线上清算有区别吗"
"182","企业网上银行票据业务的线上清算与线下清算有区别吗"
"182","企业网上银行的线下清算和线上清算有何区别"
"182","企业网上银行票据业务的线下清算与线上清算区别是什么"
"182","企业网上银行票据业务的线上清算与线下清算区别是什么"
"183","为什么插入Beekey没有弹电子银行网页"
"183","为什么插入Beekey不弹出电子银行网页"
"183","如何解决插入Beekey不弹电子银行网页"
"183","插入Beekey没有弹电子银行网页的解决方法"
"183","插入Beekey没有弹电子银行网页的原因"
"183","插入Beekey没有弹电子银行网页怎么办"
"184","我能不能在微信上面绑定你们的卡"
"184","我要用微信绑定你们的卡"
"184","我要用微信付款"
"184","微信可以用你们的卡支付吗"
"184","微信里面能不能添加你们的卡"
"184","微信能不能绑定你们的卡"
"184","我能不能用微信支付"
"184","你们的卡可以用来微信支付吗"
"184","你们的卡可以在微信上绑定吗"
"185","我想知道怎么激活办理的社保卡"
"185","社保卡激活"
"185","社保卡激活怎么办理"
"185","社保卡怎么激活啊"
"185","怎么激活社保卡"
"185","激活社保卡需要什么手续"
"185","我的社保卡怎么激活"
"185","我办理的社保卡怎么激活"
"185","我想知道社保卡应该怎么激活"
"185","我想知道社保卡怎么激活"
"186","Ⅲ类户有哪些功能"
"186","三类户有哪些功能"
"186","3类户是什么"
"186","三类户是什么"
"186","3类户有哪些功能"
"187","开通手机银行蜜蜂e令需要怎么做"
"187","开通手机银行蜜蜂e令需要什么手续"
"187","开通手机银行蜜蜂e令的手续是怎么样的"
"187","如何开通个人手机银行蜜蜂e令业务"
"187","我想开通手机银行蜜蜂e令业务"
"187","手机银行蜜蜂e令业务需要如何开通"
"188","Ⅱ类户最多可以取多少钱"
"188","二类户的取款额度是多少"
"188","二类户最多可以取多少钱"
"188","2类户最多可以取多少钱"
"188","2类户的取款额度是多少"
"189","企业网银一站式转账中的支付渠道中智能选择和加急有什么区别"
"189","企业网银一站式转账中的支付渠道中智能选择和加急有区别吗"
"189","企业网银一站式转账中的支付渠道中智能选择和加急是否有区别"
"189","企业网银里面的支付渠道里智能选择和加急有什么区别"
"189","在企业网银页面里的智能选择和加急有区别吗"
"19","查询明细"
"19","查明细"
"19","消费记录查一下"
"19","消费明细查询"
"19","查消费明细"
"190","购买大额存单的最低金额是多少"
"190","购买大额存单不能低于多少金额"
"190","购买大额存单必须满足多少金额以上才可以"
"190","大额存单至少要买多少金额才可以"
"190","购买大额存单有起点金额吗"
"191","我想问一下你们的黄金怎么卖"
"191","黄金你们这儿卖嘛"
"191","你们这边能不能买黄金"
"191","你们的黄金可以在哪儿买"
"191","去哪儿买黄金"
"191","我可以在你们这儿买黄金嘛"
"191","我想卖你们的黄金"
"191","怎么买黄金"
"191","可以在哪儿买你们的黄金"
"192","我不想绑定一卡通代扣了怎么解除"
"192","为什么一卡通代扣解除不了"
"192","一卡通代扣怎么解除绑定"
"192","一卡通代扣解绑怎么办理"
"192","哪里可以解绑一卡通的代扣业务"
"193","什么时候发公务卡的账单"
"193","我想知道公务卡账单什么时候可以看"
"193","我是否可以随时查看公务卡账单"
"193","我想查看公务卡的账单"
"193","我可以什么时候查看公务卡账单"
"193","公务卡的账单随时都能看吗"
"193","公务卡什么时候发账单"
"193","公务卡账单能不能随时查看"
"193","公务卡的账单什么时候可以看"
"194","企业手机银行哪些业务需要蓝牙蜜盾验证"
"194","哪些企业手机银行业务需要蓝牙蜜盾验证"
"194","哪些企业手机银行交易需要蓝牙蜜盾验证"
"194","哪些交易需要企业手机银行蓝牙蜜盾验证"
"194","哪些业务需要企业手机银行蓝牙蜜盾验证"
"194","需要蓝牙蜜盾验证的业务有哪些"
"194","企业手机银行哪些交易需要蓝牙蜜盾验证"
"194","不需要蓝牙蜜盾验证的业务有哪些"
"195","借记卡交易密码遗忘怎么进行找回"
"195","借记卡交易密码遗忘找回需要哪些材料"
"195","准备哪些材料才能进行借记卡交易密码遗忘找回"
"195","借记卡交易密码遗忘怎么办"
"195","借记卡交易密码遗忘如何处理"
"195","借记卡交易密码遗忘需要准备些什么"
"196","visa在国外刷卡每天最多可以刷多少"
"196","我想知道visa信用卡在国外每天可以刷多少钱"
"196","我想知道visa信用卡在国外一笔可以刷多少钱"
"196","我想知道visa在国外的单笔消费额度"
"196","我想知道visa在国外的单日消费额度"
"196","visa信用卡国外消费的单笔额度是多少"
"196","visa信用卡国外消费的单日额度是多少"
"196","visa信用卡境外消费单笔限额"
"196","visa信用卡境外消费单日限额"
"196","visa信用卡是不是在国外消费每笔都有额度"
"196","visa信用卡是不是在国外消费每日都有额度"
"196","visa信用卡在国外的单笔消费额度是多少"
"196","visa信用卡在国外的单日消费额度是多少"
"196","visa信用卡在国外的每天可以刷多少钱"
"196","visa信用卡在国外的一笔可以刷多少钱"
"196","visa的国外单笔消费是多少"
"196","visa的国外单日消费是多少"
"196","visa在国外刷卡一笔最多可以刷多少"
"196","visa在国外消费最多每天刷多少钱"
"196","visa在国外消费最多一笔刷多少钱"
"196","visa在国外的单笔消费额度"
"196","visa在国外的单日消费额度"
"197","贷记卡的积分可以兑换什么"
"197","贷记卡积分兑换"
"197","贷记卡积分怎么兑换"
"197","贷记卡能不能积分兑换"
"197","信用卡的积分可以兑换什么"
"197","我的信用卡的积分能兑换东西嘛"
"197","信用卡积分怎么兑换"
"197","信用卡能不能积分兑换"
"197","我的贷记卡的积分能兑换东西嘛"
"198","你们每个黄金产品多少克"
"198","你们一般一块金砖多少克"
"198","你们卖什么规格的黄金"
"198","你们的实体黄金多少克"
"198","你们的黄金怎么卖"
"198","你们的黄金什么规格"
"198","黄金有哪几种规格的"
"198","黄金一钱多少克"
"199","活期化理财产品的利息是立刻到账的吗"
"199","活期化理财收益的到账时间是什么时候"
"199","活期化理财的收益什么时候到账"
"199","活期化理财的收益不是立刻到账的吗"
"199","活期化理财产品的利息怎么还没到"
"199","活期化理财的利息是立刻到账的吗"
"199","活期化理财产品的收益到账时间是什么时候"
"199","活期化理财产品的收益不是立刻到账的吗"
"199","活期化理财的利息怎么还没到"
"2","企业银行否查询柜面签发的电票"
"2","企业银行可以查询柜面签发的电子汇票吗"
"2","企业银行能不能查询柜面签发的电子汇票"
"2","企业网银能不能查到柜面签发的电子汇票"
"2","企业网银是否可以查询柜面签发的电子汇票"
"2","如何通过企业银行查询柜面签发的电子汇票"
"20","补办的服务卡什么时候拿"
"20","我可以什么时候来取补办的服务卡"
"20","我什么时候来取我补办的服务卡"
"20","什么时候可以拿到补办的服务卡"
"20","什么时候方便来拿补办的服务卡"
"20","补办的服务卡的领取时间"
"20","我补了一张五一服务卡什么时候可以拿到"
"20","补服务卡后的领取时间"
"20","服务卡补办的领取时间"
"20","补办服务卡的领卡时间"
"200","2类户是什么"
"200","二类户是什么"
"200","二类户有哪些功能"
"200","Ⅱ类户有哪些功能"
"200","2类户有哪些功能"
"201","在国外刷visa汇率怎么算"
"201","visa信用卡在国外刷卡之后怎么算汇率"
"201","visa消费之后怎么算汇率"
"201","visa消费的汇率怎么算"
"201","visa在国外刷卡的汇率怎么算"
"201","在国外刷visa消费怎么算汇率"
"202","是不是所有的公交车都能刷电子钱包卡"
"202","我坐什么公交车都能刷电子钱包卡嘛"
"202","电子钱包卡可以坐哪些公交"
"202","电子钱包卡的使用范围"
"202","我想知道哪些公交车可以刷电子钱包卡"
"202","哪些公交车可以使用电子钱包卡"
"202","电子钱包卡是不是可以在所有的公交车上刷"
"202","所有公交都能用电子钱包卡嘛"
"202","我坐哪班公交车可以刷电子钱包卡嘛"
"203","如何提高金领卡的额度"
"203","金领卡的额度会自动提高吗"
"203","我想提高金领卡的额度"
"203","我可以申请提高金领卡的额度吗"
"203","提高金领卡额度需要办理什么手续"
"204","信用卡现金的分期还款标准是什么"
"204","我可以去哪儿办信用卡现金分期"
"204","我怎么才能办信用卡的分期还款"
"204","我可以在网上申请信用卡的现金分期嘛"
"204","信用卡现金分期还款的最低数额是多少"
"204","信用卡的分期还款业务是在哪儿办"
"204","怎么才能分期还款信用卡现金"
"204","信用卡现金分期还款可以在哪儿申请"
"204","信用卡现金能不能分期还款"
"204","我想办理信用卡现金分期还款"
"205","企业账户最多能关联几个手机短信提醒"
"205","企业账户可以几个手机有短信提醒功能"
"205","企业账户短信提醒功能最多可开通几个手机号码"
"205","手机提醒最多能关联几个手机号"
"205","手机提醒最多能关联几个手机短信提醒"
"205","企业账户最多能关联几个手机号"
"205","手机提醒可以几个手机有短信提醒功能"
"206","下载证书后提示错误怎么办"
"206","为什么会提示证书下载错误"
"206","证书下载错误的原因是什么"
"206","证书下载错误如何处理"
"206","证书下载提示The error8009001Doccurre"
"206","证书下载显示错误"
"207","准备哪些材料才能进行企业开户许可证丢失找回"
"207","企业开户许可证丢失如何处理"
"207","企业开户许可证丢失需要准备些什么"
"207","企业开户许可证丢失怎么办"
"207","企业开户许可证丢失找回需要哪些材料"
"207","企业开户许可证丢失怎么进行找回"
"208","密码找回在哪里办理"
"208","密码忘了怎么找回"
"208","密码忘了怎么办"
"208","如何找回密码"
"208","密码忘了可以重置吗"
"209","准备哪些材料才能进行企业一般户地址变更"
"209","企业一般户地址如何变更"
"209","企业一般户地址变更需要准备些什么"
"209","企业一般户地址变更需要哪些材料"
"209","企业一般户地址变更如何办理"
"209","企业一般户地址怎么进行变更"
"21","手机银行的安装说明有没有"
"21","手机银行的转账到账时间会比柜台快嘛"
"21","手机银行的转账到账时间是多久"
"21","手机银行转账的话什么时候到账"
"21","手机银行转账几天到账"
"21","手机银行转账能马上到账嘛"
"21","手机银行转账之后几天之内到账"
"21","在手机银行的转账是立马到账的嘛"
"21","在手机银行上转账的到账时间"
"21","我在手机银行上转账了什么时候对方能收到"
"210","维护企业网银收款人信息"
"210","企业网银如何模糊查询收款人信息"
"210","企业网银收款人信息模糊查询"
"210","企业网银收款人信息如何查找"
"210","企业网银收款人信息维护"
"210","企业网银转账时收款人信息在哪"
"211","怎么购买大额存单"
"211","购买大额存单的流程是什么"
"211","购买大额存单需要提交什么手续"
"211","购买你们银行的大额存单方便吗"
"211","大额存单可以在哪里购买"
"211","大额存单怎么购买"
"212","为什么登陆企业网银密码报错"
"212","如何处理企业网银登陆密码报错"
"212","企业网银提示密码错误怎么办"
"212","登录企业网银时密码报错怎么办"
"212","登陆企业网银提示密码报错如何处理"
"213","五一服务卡丢了怎么办"
"213","五一服务卡丢失怎么补办"
"213","五一服务卡遗失后该怎么办"
"213","五一服务卡怎么补办"
"213","我想知道怎么补办五一服务卡"
"213","怎么补一张五一服务卡"
"213","我要补办五一服务卡"
"213","我的五一服务卡丢了"
"213","我的五一服务卡丢了怎么挂失"
"213","我的五一服务卡找不到了"
"214","五一服务卡的有效期是多久"
"214","五一服务卡是不是有有效期"
"214","五一服务卡是否有有效期"
"214","五一服务卡有效期是不是很短"
"214","我想请问一下五一服务卡的有效期"
"214","我想问一下五一服务卡的有效期"
"214","我办的五一服务卡是不是有有效期"
"214","我办理的五一服务卡有效期是只能在五一期间使用嘛"
"215","如何更新企业网银证书"
"215","我的企业网银证书需要更新"
"215","查询企业网银证书的有效期限"
"215","企业网银证书的有效期是多久"
"215","企业网银证书更新方法"
"215","企业网银证书更新流程"
"215","企业网银证书更新需要准备什么材料"
"215","企业网银证书有效期查询方法"
"215","企业网银证书有效期查询入口"
"215","如何查询企业网银证书有效期"
"216","坐车可以用不同的卡刷吗"
"216","进出站能不能用不同的银行卡"
"216","进出站刷的银行卡可以是不一样的吗"
"216","进出站刷手机pay但是用不同的卡可以吗"
"216","进出站刷手机pay但是用不同的卡有问题吗"
"216","进站出站刷的银行卡必须是一样的吗"
"216","进站和出站可以用不同的卡吗"
"216","进站和出站如果用不同的卡会不会有问题"
"216","可以用不同的银行卡进出闸吗"
"216","不同的卡进出站会有问题吗"
"216","如果我用不同的卡进出站会怎么样"
"217","准备哪些材料才能进行企业基本户法人变更"
"217","企业基本户法人变更如何办理"
"217","企业基本户法人变更需要哪些材料"
"217","企业基本户法人变更需要准备些什么"
"217","企业基本户法人如何变更"
"217","企业基本户法人怎么进行变更"
"218","是不是所有的车都能办etc"
"218","可以办etc的车有哪些"
"218","请问所有的车都能办etc嘛"
"218","我的车想办etc"
"218","我的车能不能办etc"
"218","我的车可以办etc嘛"
"218","哪些车可以办etc"
"218","可以办理etc的车辆有哪些"
"219","我要是信用卡取款你们怎么收利息"
"219","我在你们柜台用信用卡取款之后你们怎么算利息"
"219","贷记卡取现怎么收利息费"
"219","信用卡的取现利息怎么收费"
"219","我的信用卡在取款之后怎么收利息费"
"219","信用卡取现金怎么算利息"
"219","信用卡取现金利息怎么收费"
"219","信用卡取款的利息怎么收取"
"219","信用卡要是取现金的话怎么算利息"
"219","信用卡取现利息如何收费"
"22","一元观影是什么"
"22","一元观影活动介绍"
"22","一元观影的一张卡有没有购买额度限制"
"22","一元观影的卡最多可以买多少钱"
"22","一元观影的卡有购买额度限制吗"
"22","一元观影的卡是不是有消费额度限制"
"22","一元观影一张卡可以买多少钱"
"22","一元观影的卡可以多次购买吗"
"22","1元观影活动一张卡购买限额"
"22","什么是一元观影活动"
"22","一元观影的活动卡有没有购买额度限制"
"22","一元观影的活动卡是不是可以多次购买"
"22","我的一元观影活动的卡可以多买几次嘛"
"22","一元观影的卡是不是有购买额度限制"
"220","存折开户可以别人拿身份证去吗"
"220","存折开通可以不是本人去吗"
"220","存折开户手续可以别人代替办理吗"
"220","存折开户可以让别人去吗"
"220","存折开户可以代办吗"
"221","存折活期转定期需要准备些什么"
"221","准备哪些材料才能进行存折活期转定期"
"221","存折活期转定期怎么进行"
"221","存折活期转定期需要哪些材料"
"221","存折活期转定期如何处理"
"221","存折活期转定期怎么办"
"222","如何能查询到身份证下有几张借记卡"
"222","查询身份证下有几张借记卡需要什么材料"
"222","如何查询身份证下有几张借记卡"
"222","去哪里可以查询身份证下有几张借记卡"
"222","怎么才能知道身份证下有几张借记卡"
"223","如何办理企业网银USBKey序号维护"
"223","企业网银USBKey序号为空怎么办"
"223","如何解决企业网银USBKey序号为空"
"223","企业网银帧数更新时为什么提示USBKey序号为空"
"223","企业网银USBKey序号维护流程"
"224","如何刷新验证码图片"
"224","验证码超时怎么办"
"224","验证码图片如何刷新"
"224","如何处理验证码超时"
"224","提示验证码超时怎么办"
"225","我想知道哪儿能办社保卡"
"225","我可以去你们网点办社保卡嘛"
"225","我可以去哪儿办社保卡"
"225","社保卡可以在哪儿办"
"225","我能去哪儿办社保卡"
"225","我想查一下社保卡的办理地点"
"225","我想办理社保卡可以去哪儿"
"225","我的社保卡可以去哪儿办"
"225","社保卡去哪个网点办"
"225","社保卡是不是要去你们网点办"
"226","存折丢了该怎么办"
"226","存折丢失该如何处理"
"226","存折丢失可以挂失吗"
"226","存折丢失怎么办"
"226","存折如何补办"
"227","我的beekey找不到了"
"227","我想问一下我的网银beekey丢了要怎么办"
"227","我的网银beekey证书找不到了"
"227","我找不到我的beekey 了要怎么办"
"227","我找不到我的beekey了"
"227","我不能找到我的beekey了"
"227","我的beekey丢了"
"227","我的beekey丢失了"
"227","我的beekey丢失需要什么手续"
"228","储蓄账户挂失需要钱吗"
"228","储蓄账户挂失要多少钱"
"228","储蓄账户挂失需要多少钱"
"228","储蓄账户挂失收费吗"
"228","储蓄账户的挂失费用是多少"
"228","储蓄账户的工本费是多少钱"
"229","我拆掉标签之后还能使用吗"
"229","我可以拆掉etc的电子标签吗"
"229","我的电子标签坏了我把它拆掉了"
"229","我可以自己拆掉电子标签吗"
"229","我拆掉etc电子标签之后会怎么用"
"229","etc电子标签可不可以自己拆"
"229","我把etc的电子标签拆掉了"
"23","我想知道我的社保卡的密码忘记了该怎么办"
"23","我社保卡的交易密码忘了"
"23","社保卡的交易密码忘了"
"23","我的社保卡的密码记错被锁住了"
"23","要是我社保卡的交易密码忘了怎么办"
"23","我的社保卡的密码输错被锁住了"
"23","我的社保卡的密码忘记了要怎么办"
"23","我把我社保卡的交易密码忘了"
"230","我需要关闭信用卡的免密支付额度"
"230","我需要关闭我信用卡的免密支付额度"
"230","我的信用卡的免密支付的额度能不能关闭"
"230","我的信用卡免密支付的额度是否可以关闭"
"230","我的信用卡免密额度能不能关闭"
"230","我想关闭一下我信用卡的免密支付额度"
"230","我想关闭信用卡的免密额度"
"230","信用卡的免密支付额度可以更关闭嘛"
"230","信用卡的免密额度是不是可以关闭"
"231","visa能不能在国内刷卡"
"231","visa信用卡在国内能不能刷"
"231","visa信用卡在国内刷卡的话行不行"
"231","visa应该也能在国内刷吧"
"231","visa能不能在国内刷卡消费"
"231","我想知道我在国内能不能用visa"
"231","visa能不能在国内消费"
"231","visa的信用卡使用范围包括国内嘛"
"231","visa可以在国内刷卡消费嘛"
"231","visa是不是也能在国外用"
"232","登陆网银时证书过期"
"232","我的网银证书过期了怎么办"
"232","网银证书过期如何处理"
"232","网银使用时提示证书过期"
"232","为什么提示网银证书过期"
"232","如何处理过期网银登陆证书过期"
"233","存折短信通知该怎么查询"
"233","存折短信通知查询怎么进行"
"233","存折短信通知查询需要准备些什么"
"233","存折短信通知查询需要哪些材料"
"233","想要进行存折短信通知查询该怎么办"
"233","怎么样才能进行存折短信通知查询"
"234","校园卡圈存要输密码才能成功吗"
"234","校园卡的圈存需要有密码吗"
"234","校园卡圈存时可以不输交易密码吗"
"234","校园卡圈存时是不是需要取款密码"
"234","校园卡圈存时要输交易密码吗"
"235","在手机银行转钱到不同银行的卡怎么操作"
"235","跨行转账在手机银行上面怎么操作"
"235","跨行转账在手机银行上操作复杂嘛"
"235","我想知道怎么操作不同银行的手机银行转账"
"235","手机银行跨行转账怎么操作"
"235","怎么操作才能在手机银行上实现跨行转账"
"235","怎么用手机银行跨行转账"
"235","手机银行的不同银行卡转账是怎么操作的"
"235","手机银行的跨行转账是怎么做的"
"235","你们的不同银行的银行卡可以在手机银行上转账嘛"
"236","我想知道我的蜜蜂校园卡校园交易密码忘记了该怎么办"
"236","我把我蜜蜂校园卡校园交易密码忘了"
"236","我蜜蜂校园卡校园交易密码忘了"
"236","我的蜜蜂校园卡校园交易密码忘记了要怎么办"
"236","我的蜜蜂校园卡校园交易密码输错被锁住了"
"236","我的蜜蜂校园卡校园交易密码记错被锁住了"
"236","蜜蜂校园卡校园交易密码忘了"
"236","要是我蜜蜂校园卡校园交易密码忘了怎么办"
"237","为什么企业网银提示站点证书未通过"
"237","我的企业网银提示站点证书未通过该怎么办"
"237","企业网银提示站点证书未通过怎么办"
"237","企业网银的站点证书提示未通过怎么办"
"237","如何处理企业网银提示站点证书未通过"
"238","我能不能设置我贷记卡的查询密码"
"238","我想开通一下信用卡的查询密码"
"238","我需要设置我的贷记卡的查询密码"
"238","我需要开通我的贷记卡的查询密码"
"238","我需要开通我贷记卡的查询密码"
"238","贷记卡的查询密码是否可以开通"
"238","贷记卡设置查询密码"
"238","贷记卡的查询密码能办吗"
"238","我可以开通我贷记卡的查询密码吗"
"238","能不能开通贷记卡的查询密码"
"238","能不能帮我开通我的贷记卡的查询密码"
"238","我要设置贷记卡的查询密码"
"239","存折短信服务每月扣多少钱"
"239","存折短信业务的收费标准是什么"
"239","存折的短信服务的价格是多少"
"239","存折短信业务要钱吗"
"239","存折开通短信服务的费用是多少"
"239","存折开通短信业务需要手续费吗"
"24","借记卡定期信息查询如何处理"
"24","准备哪些材料才能进行借记卡定期信息查询"
"24","借记卡定期信息查询怎么进行"
"24","借记卡定期信息查询怎么办"
"24","借记卡定期信息查询需要准备些什么"
"24","借记卡定期信息查询需要哪些材料"
"240","信用卡逾期是影响征信吗"
"240","信用卡逾期是否有信用记录"
"240","信用卡逾期是不是要上征信名单"
"240","我要是信用卡没有及时还款有征信记录吗"
"240","我的信用卡没有及时交钱是不是影响征信"
"240","我的信用卡忘了按时还款会有什么影响"
"240","征信包括信用卡逾期付款吗"
"240","我的信用卡逾期没交钱是否影响征信"
"240","信用卡过期没缴费有什么影响"
"240","信用卡没有及时还款的时候是不是有征信记录"
"240","信用卡的逾期影响是什么"
"241","我想知道visa信用卡什么时候还款"
"241","我想知道visa信用卡的还款时间是什么时候"
"241","visa信用卡的还款时间是什么时候"
"241","我的visa信用卡有没有还款时间"
"241","我的visa信用卡的还款时间是什么时候"
"241","我想查一下visa信用卡的还款时间"
"241","visa还款时间"
"241","visa信用卡什么时候还钱"
"241","visa信用卡什么时候还款"
"241","visa信用卡还款时间"
"241","visa信用卡的还款时间是多久"
"241","visa信用卡的还款日是哪天"
"242","etc的使用有车道限制嘛"
"242","我可以在其他车道用etc嘛"
"242","etc可以在其他车道使用嘛"
"242","是不是所有的车道都能用etc"
"242","etc的使用范围"
"242","我可不可以在其他车道也用etc"
"242","etc能否在其他车道使用"
"242","我要是在其他车道想用etc怎么办"
"243","五一服务卡激活怎么让别人帮我办理"
"243","代办激活五一服务卡需要什么手续"
"243","我想知道五一服务卡怎么代办激活"
"243","我想知道五一服务卡怎么让别人代办激活"
"243","怎么代办激活五一服务卡"
"243","五一服务卡激活代办行不行"
"243","我办理的五一服务卡激活能不能代办"
"243","我的五一服务卡怎么代办激活"
"243","五一服务卡怎么代办激活啊"
"243","我想知道别人能不能激活我办理的五一服务卡"
"244","etc消费是不是积分制"
"244","etc消费是不是有积分"
"244","etc消费有积分吗"
"244","etc消费有没有积分"
"244","我用etc消费的话有积分吗"
"244","etc的消费有积分吗"
"244","etc消费是不是产生了积分"
"244","我想知道我的etc消费是不是会产生积分"
"245","信用卡ATM机取款手续费"
"245","信用卡ATM机同城取款次数"
"245","信用卡ATM机同城取款额度"
"245","信用卡ATM机同城取款手续费"
"245","信用卡ATM机异地取款次数"
"245","信用卡ATM机异地取款额度"
"245","信用卡ATM机异地取款手续费"
"245","信用卡ATM机境外取款次数"
"245","信用卡ATM机境外取款额度"
"245","信用卡ATM机境外取款手续费"
"245","信用卡ATM机取款次数"
"245","信用卡ATM机取款额度"
"246","我需要挂失一下我丢失的贷记卡"
"246","我的信用卡丢了需要挂失"
"246","我需要挂失一下我丢失的信用卡"
"246","我的信用卡丢了是不是需要挂失"
"246","我的信用卡丢了"
"246","我的贷记卡丢了需要挂失"
"246","我的贷记卡丢了是不是需要挂失"
"246","我的贷记卡丢了"
"246","贷记卡挂失"
"246","我想挂失一下我的信用卡"
"246","我想挂失一下贷记卡"
"247","我想换一下社保卡里面的照片"
"247","社保卡里面的我的个人信息需要变更"
"247","社保卡里面的信息需要更改"
"247","社保卡里面的信息需要更新一下"
"247","社保卡照片变更"
"247","社保卡的信息更新"
"247","我能不能换一下社保卡里面的照片"
"247","我能不能把社保卡的照片换一下"
"247","我想更新一下社保卡的信息"
"247","我想更新一下社保卡的个人信息"
"248","我的网银登录的时候出现了cannot allocate htpxml"
"248","我的网银登录的时候出现了cannot allocate httpxm"
"248","我的网银登录的时候出现了cannot allocate httpxml"
"248","我的网银登录的时候出现了cannot allocat httpxml"
"248","我的网银登录的时候出现了cannot ellocate httpxml"
"248","我的网银登录的时候出现了canot allocate httpxml"
"248","我的网银登录的时候出现了canot allocate htpxml"
"248","我的网银登录的时候出现了cannot llocate httpxm"
"248","我的网银登录的时候出现了canot ellocate httpxml"
"249","我至少要买多少金额活期化理财才能购买成功"
"249","购买活期化理财有最小金额吗"
"249","活期化理财的起点金额是多少"
"249","多少金额以上我就可以购买活期化理财了"
"249","我想知道活期化理财的起点金额"
"25","什么时间之内公务卡不用利息"
"25","公务卡消费什么时间之内可以不用给利息"
"25","公务卡消费在多久之后要给利息"
"25","公务卡消费免收利息的时间"
"25","公务卡消费多久不用给利息"
"25","公务卡消费不用给利息的周期是多久"
"25","公务卡消费免收利息的周期是多久"
"25","公务卡消费能不能不给利息"
"25","公务卡的利息是在消费之后多久给"
"25","公务卡消费不用给利息的时间"
"250","社保卡去哪里激活"
"250","社保卡怎么激活"
"250","社保卡激活的手续是什么"
"250","社保卡激活需要什么手续"
"250","社保卡激活该怎么做"
"251","准备哪些材料才能进行企业基本户注册资金变更"
"251","企业基本户注册资金怎么进行变更"
"251","企业基本户注册资金如何变更"
"251","企业基本户注册资金变更如何办理"
"251","企业基本户注册资金变更需要哪些材料"
"251","企业基本户注册资金变更需要准备些什么"
"252","信用卡没有设置查询密码可以绑定网银吗"
"252","信用卡一定要设置查询密码才可以绑定网银吗"
"252","为什么信用卡绑定网银一定要设置查询密码"
"252","信用卡没有设置查询密码在网银上绑不了吗"
"252","信用卡的查询密码设置好了可以在网银加挂了吗"
"253","2类户的存款额度是多少"
"253","二类户的存款额度是多少"
"253","二类户最多可以存多少钱"
"253","2类户最多可以存多少钱"
"253","Ⅱ类户最多可以存多少钱"
"254","怎么开通手机快捷支付"
"254","三星手机怎么开通手机闪付"
"254","我想问一下你们的银行卡怎么开通手机闪付"
"254","苹果手机怎么开通手机闪付"
"254","请问一下你们的银行卡在手机闪付上怎么绑定"
"254","你们银行卡可以开通手机闪付嘛"
"254","你们的银行卡怎么开通手机闪付"
"254","华为手机怎么开通手机闪付"
"255","想要进行借记卡活期余额查询该怎么办"
"255","借记卡活期余额该怎么查询"
"255","借记卡活期余额查询需要准备些什么"
"255","怎么样才能进行借记卡活期余额查询"
"255","借记卡活期余额查询需要哪些材料"
"255","借记卡活期余额查询怎么进行"
"256","我的社保卡怎么坏了"
"256","社保卡的损坏是否需要补办"
"256","我的社保卡坏了怎么办"
"256","我的社保卡损坏了影响我的使用了"
"256","社保卡的损坏影响到了我的使用"
"256","社保卡坏了的话补办要不要钱"
"256","社保卡坏了能不能补办"
"256","我的社保卡损坏可以重新开卡嘛"
"256","社保卡怎么会坏"
"256","社保卡损坏是否需要补办"
"257","etc高速扣费要多久"
"257","etc高速是当天扣款吗"
"257","etc高速消费是当天结清的吗"
"257","etc是不是有高速扣款周期"
"257","etc的高速扣款是几天"
"257","etc在高速扣款是需要几天"
"257","etc走高速之后多久扣款"
"258","是不是积分商城也能分期"
"258","信用卡商城能不能分期购物"
"258","信用卡的积分商城可以用分期吗"
"258","信用卡的积分商城是不是也能分期"
"258","信用卡的积分商城也能分期吗"
"258","信用卡积分商城也能分期购物吗"
"258","信用卡积分商城也能分期吗"
"258","能不能在信用卡积分商城分期"
"258","怎么在商城用信用卡分期购物"
"259","在哪里用信用卡的积分兑换东西"
"259","信用卡的积分兑换可以在哪里办"
"259","信用卡积分兑换要去你们行里吗"
"259","怎么用信用卡的积分兑换礼品"
"259","我怎么拿信用卡的积分兑换东西"
"259","你们的信用卡积分怎么兑换啊"
"259","你们网站可以用信用卡积分兑换吗"
"259","信用卡积分兑换有哪几种方式啊"
"26","脱机状态下是否不能使用企业网银"
"26","是否必须联网才能使用企业网银"
"26","企业网银是否需要联网操作"
"26","企业网银是不是在有网络的环境下才可以操作"
"26","不联网是否不能使用企业网银"
"260","立刻更新网银新版本点击后没反应"
"260","企业网银新版本点击立即更新没反应该如何处理"
"260","点击了立即更新企业网银新版本没反应"
"260","为什么我的企业网银新版本点击立即更新没反应"
"260","我想更新企业网银新版本该如何操作"
"261","准备哪些材料才能进行电子渠道账户挂失找回"
"261","电子渠道账户挂失需要准备些什么"
"261","电子渠道账户挂失怎么进行找回"
"261","想进行电子渠道账户挂失怎么办"
"261","电子渠道账户挂失如何处理"
"261","电子渠道账户挂失需要哪些材料"
"262","储蓄通存通兑业务在哪里办理"
"262","储蓄通存通兑业务能干什么"
"262","储蓄通存通兑提供哪些服务"
"262","储蓄通存通兑业务怎么办理"
"262","储蓄通存通兑有什么用"
"263","蜜蜂校园卡的交易密码怎么设置"
"263","蜜蜂校园卡的交易密码需要设置吗"
"263","蜜蜂校园卡的交易密码是我设置的嘛"
"263","蜜蜂校园卡的交易密码是什么"
"263","蜜蜂卡的交易密码指的是什么"
"263","我能不能设置蜜蜂校园卡的交易密码"
"263","可以设置蜜蜂校园卡的交易密码吗"
"263","我想知道我的校园卡的交易密码"
"263","我设置了校园卡的交易密码吗"
"264","贷记卡的查询密码是否可以修改"
"264","我需要改我的贷记卡的查询密码"
"264","我需要更改我贷记卡的查询密码"
"264","我需要更改我的贷记卡的查询密码"
"264","我能不能改我贷记卡的查询密码"
"264","我要修改贷记卡的查询密码"
"264","贷记卡修改查询密码"
"264","能不能帮我改我的贷记卡的查询密码"
"264","能不能修改贷记卡的查询密码"
"264","我可以改我贷记卡的查询密码吗"
"264","贷记卡的查询密码能改吗"
"265","我想买基金的话是不是随时都能买"
"265","购买基金有没有时间限制"
"265","基金是不是什么时候都可以购买"
"265","你们的基金会在哪个时间关闭嘛"
"265","基金什么时候可以购买"
"265","基金的购买会不会有时间限制"
"265","我什么时候可以买基金"
"265","基金有购买时间的限制嘛"
"266","借记卡去哪里激活"
"266","借记卡激活需要什么手续"
"266","借记卡激活该怎么做"
"266","借记卡怎么激活"
"266","借记卡激活的手续是什么"
"267","准备哪些材料才能进行储蓄账户丢失找回"
"267","储蓄账户丢失找回需要哪些材料"
"267","储蓄账户丢失怎么进行找回"
"267","储蓄账户丢失怎么办"
"267","储蓄账户丢失需要准备些什么"
"267","储蓄账户丢失如何处理"
"268","我想提供我手机银行的转账额度"
"268","我想在手机上转钱的时候多转一点"
"268","我怎么才能在手机上的转账可以多转"
"268","我怎么提供我手机银行的转账额度"
"268","每次手机上转钱的数额太少了"
"268","手机银行怎么提高转账额度"
"268","手机银行转账额度限制太低了"
"268","手机银行转账额度怎么提高"
"268","我想提高一点手机银行的转账额度"
"268","我能不能在手机上转钱的时候多转一点"
"269","企业网银群年交易额度是多少"
"269","企业网银是否有交易额度限制"
"269","我想修改企业网银交易额度"
"269","企业网银默认交易额度是多少"
"269","企业网银交易额度怎么修改"
"269","企业网银交易额度有没有限制"
"269","企业网银额度有没有限制"
"269","减少企业网银交易额度"
"269","增加企业网银交易额度"
"269","如何控制企业网银交易额度"
"269","更改企业网银交易额度"
"269","如何修改企业网银交易额度"
"269","变更企业网银交易额度"
"269","企业网银单日交易额度是多少"
"27","怎么操作才能在手机银行上实现行内转账"
"27","怎么用手机银行同行转账"
"27","你们的同一银行的银行卡可以在手机银行上转账嘛"
"27","行内转账在手机银行上操作复杂嘛"
"27","行内转账在手机银行上面怎么操作"
"27","我想知道怎么操作同一银行的手机银行转账"
"27","手机银行的同一银行卡转账是怎么操作的"
"27","手机银行的同行转账是怎么做的"
"27","在手机银行转钱到同一银行的卡怎么操作"
"27","手机银行同行转账怎么操作"
"270","可以进出闸机的银行卡有哪些"
"270","我进出闸机的话能不能刷你们的银行卡"
"270","你们哪些卡支持进出闸机"
"270","哪些银行卡可以进出闸机"
"270","什么卡可以进出闸机"
"270","我进出闸机可以刷哪些银行卡"
"270","借记卡可以进出闸机嘛"
"271","我的etc扣款可以选择绑定哪些账户嘛"
"271","我的etc扣款可以绑定哪些账户"
"271","etc是所有账户都能绑定嘛"
"271","etc扣款绑定账户有哪些"
"271","我的etc扣款绑定账户有哪些"
"271","etc的可绑定账户有哪些"
"271","我的etc想选择一下绑定账户"
"271","哪些账户可以绑定etc扣款"
"272","你们的贷记卡在线下也能消费吗"
"272","哪儿都能用信用卡吗"
"272","哪儿都能用贷记卡吗"
"272","除了网上之外实体店能不能用信用卡"
"272","除了网上之外实体店能不能用贷记卡"
"272","信用卡不是只能在网上用吧"
"272","信用卡不是网购专用吧"
"272","线下消费能不能用你们的信用卡"
"272","实体店也能用你们的信用卡付钱吗"
"272","线下消费能不能用你们的贷记卡"
"272","贷记卡快捷支付功能的使用网站查询"
"273","企业网银证书使用人员如何更换"
"273","企业网银授权人如何更换"
"273","企业网银可否更换授权人"
"273","如何更换企业网银证书使用人员"
"273","如何更换企业网银授权人"
"273","可以更换企业网银证书授权人吗"
"273","可以更换企业网银证书使用人员吗"
"273","企业网银的证书使用人员可以更换吗"
"273","企业网银的授权人可以更换吗"
"273","企业更换了网银证书使用人员后如何操作"
"273","企业可以设置网银授权人吗"
"273","企业可以设置网银证书使用人员吗"
"273","企业更换了网银授权人后如何操作"
"274","一卡通代扣解除非本人可以办理吗"
"274","一卡通代扣解绑可以代办吗"
"274","可以让别人代办一卡通自助扣款的解约吗"
"274","一卡通代扣解除一定要本人办理吗"
"274","一卡通自助扣款解约手续可以代办吗"
"275","准备哪些材料才能进行企业公章丢失找回"
"275","企业公章丢失如何处理"
"275","企业公章丢失需要准备些什么"
"275","企业公章丢失怎么办"
"275","企业公章丢失怎么进行找回"
"275","企业公章丢失找回需要哪些材料"
"276","不用USBKey能否操作企业网银吗"
"276","网银操作一定要用USBKey吗"
"276","什么业务可以不用USBKey"
"276","企业网银是否一定要使用USBKey"
"276","企业网银能否不使用USBKey"
"277","我忘记了我信用卡的交易密码"
"277","我不记得我的贷记卡的交易密码"
"277","贷记卡交易密码忘记"
"277","贷记卡的交易密码忘记了"
"277","我忘了信用卡的交易密码"
"277","我忘了我信用卡的交易密码"
"277","我的信用卡的交易密码不记得了"
"277","信用卡的交易密码忘记了"
"278","要带什么证件才能买黄金"
"278","买黄金需要证件吗"
"278","在你们这儿买黄金要带什么吗"
"278","在这儿买黄金要证件吗"
"278","实物黄金购买需要什么资料"
"278","实物黄金购买需要带什么"
"278","我想买黄金的话要带什么吗"
"278","实物黄金购买需要什么"
"279","企业网银USBKey驱动程序下载地址"
"279","如何将企业网银USBKey驱动程序下载到电脑"
"279","如何将企业网银USBKey驱动程序下载下来"
"279","在哪里下载企业网银USBKey驱动程序"
"279","如何安装企业网银USBKey驱动程序软件"
"28","五一服务卡的办理有哪几种方式"
"28","五一服务卡怎么申请办理"
"28","我想办五一服务卡的话需要怎么做"
"28","我想办一张五一服务卡"
"28","五一服务卡的办理有可以怎么办"
"28","五一服务卡怎么申请"
"28","办理五一服务卡需要什么手续"
"280","活期化理财有利息吗"
"280","活期化理财的利率是多少"
"280","活期化理财的收益是多少"
"280","活期化理财有固定利率吗"
"280","活期化理财的利息怎么算"
"281","我要办理融合卡分期业务"
"281","融合卡可以办理分期吗"
"281","融合卡的分期怎么办理"
"281","融合卡分期还款手续要怎么办理"
"281","如何办理融合卡的分期还款"
"282","为什么转账失败"
"282","如何查询转账失败详情"
"282","怎么查询转账失败明细"
"282","转账失败原因如何查询"
"282","网银交易明细查询入口在哪"
"283","我可以在哪里办信用卡的全额取现"
"283","信用卡能不能开通全额取现"
"283","我的贷记卡怎么开通全额取现"
"283","我可以在哪里办贷记卡的全额取现"
"283","贷记卡开通全额取现"
"283","贷记卡能不能开通全额取现"
"283","贷记卡的全额取现能在哪儿办"
"283","信用卡的全额取现能在哪儿办"
"283","我的信用卡怎么开通全额取现"
"284","企业网银为什么无法输入网银密码"
"284","企业网银密码输入不了怎么办"
"284","如何输入网银密码"
"284","如何输入企业网银密码"
"284","网银密码输入不了怎么办"
"284","企业网银登录密码输入不了"
"284","为什么无法输入网银密码"
"284","为什么企业网银不允许输入密码"
"284","为什么企业网银不能输入登录密码"
"284","为什么不允许输入密码"
"284","为什么不能输入登录密码"
"285","visa可以用哪些币种结算"
"285","visa可以用的币种"
"285","visa的消费结算可以用哪些币种"
"285","visa的消费结算币种有哪几种"
"285","visa消费可以用人民币结算吗"
"285","visa消费的结算币种有哪些"
"285","我用visa消费的话可以用什么币结算"
"285","visa消费有哪些结算币种"
"286","企业财务章丢失如何处理"
"286","企业财务章丢失需要准备些什么"
"286","企业财务章丢失怎么进行找回"
"286","企业财务章丢失找回需要哪些材料"
"286","准备哪些材料才能进行企业财务章丢失找回"
"286","企业财务章丢失怎么办"
"287","我需要更换etc的扣款账户"
"287","etc的扣款账户可以改吗"
"287","etc扣款的账户能不能修改"
"287","etc扣款账户更改需要什么手续"
"287","etc扣款账户更换需要怎么做"
"287","我想更改etc的扣款账户"
"287","我想换一下etc的扣款账户"
"287","我可以去哪儿办etc扣款账户"
"288","借记卡的境外交易额度是多少"
"288","我在国外用借记卡可以刷多少钱"
"288","查一下借记卡在外国的消费额度"
"288","在外国借记卡的消费额度是多少"
"288","在国外最多可以用借记卡刷多少钱"
"288","在国外借记卡是不是有消费额度"
"288","借记卡在国外刷卡有额度嘛"
"288","借记卡在国外可以刷多少钱"
"288","借记卡跨境交易额度"
"288","借记卡的境外消费额度查询"
"288","借记卡境外消费额度是多少"
"289","我的三江联名卡的密码记错被锁住了"
"289","我三江联名卡的交易密码忘了"
"289","三江联名卡的交易密码忘了"
"289","三江卡密码忘记"
"289","我想知道我的三江联名卡的密码忘记了该怎么办"
"289","我的三江联名卡的密码忘记了要怎么办"
"289","我的三江联名卡的密码输错被锁住了"
"289","我把我三江联名卡的交易密码忘了"
"289","要是我三江联名卡的交易密码忘了怎么办"
"29","企业网银显示一半"
"29","企业网银页面显示不完整"
"29","企业网银显示不完整"
"29","打开的企业网银页面过大"
"29","刚刚打开的企业网银分辨率不符"
"29","打开的企业网银界面显示异常"
"29","提醒企业网银页面巨大"
"29","企业网银不能完全显示"
"29","企业网银窗口打开页面看不全"
"29","企业网银的窗口异常"
"29","打开的企业网银窗口打开过大"
"29","企业网银只显示部分"
"29","显示企业网银窗口太大"
"290","我需要办理居住证ic卡"
"290","我想申请居住证ic卡"
"290","我想在你们这儿办理居住证ic卡"
"290","我想申请办理居住证ic卡"
"290","我想办理居住证ic卡"
"290","我可以在哪儿办居住证ic卡"
"290","我去哪儿可以办你们的居住证ic卡"
"290","你们的居住证ic卡在哪儿可以办"
"290","居住证ic卡在哪儿办"
"290","居住证ic卡的办理需要什么材料"
"291","企业网银证书的用处"
"291","企业网银证书有什么用"
"291","企业网银证书是什么"
"291","介绍一下企业网银证书"
"291","企业网银证书的概念"
"291","什么是企业网银证书"
"292","社保卡激活能不能让别人代办"
"292","社保卡激活能不能不是本人办理"
"292","社保卡激活可以别人拿身份证去吗"
"292","社保卡激活可以别人代替办理吗"
"292","社保卡激活可以不是本人去吗"
"293","要是我手机银行登录密码忘了怎么办"
"293","我把我手机银行登录密码忘了"
"293","手机银行的登录密码忘了怎么办"
"293","手机银行登录密码忘了"
"293","我想知道我的手机银行登录密码忘记了该怎么办"
"293","我的手机银行登录密码忘记了要怎么办"
"293","我忘了我手机银行的登录密码了"
"293","我手机银行登录密码忘了"
"293","我的手机银行登录密码记错被锁住了"
"293","我的手机银行登录密码输错被锁住了"
"294","金领卡会自动注销吗"
"294","金领卡销户需要提交哪些资料"
"294","金领卡销户怎么办理"
"294","金领卡注销要去哪里办理"
"294","我要把金领卡注销"
"295","我想知道怎么补办社保卡"
"295","社保卡丢了怎么办"
"295","社保卡丢失怎么补办"
"295","社保卡遗失后该怎么办"
"295","社保卡怎么补办"
"295","怎么补一张社保卡"
"295","我的社保卡丢了"
"295","我的社保卡丢了怎么挂失"
"295","我的社保卡找不到了"
"295","我要补办社保卡"
"296","可以在手机银行上本人账户互转吗"
"296","我怎么才能把一张卡的钱转到另外一张卡"
"296","我怎么在手机银行上面进行本人账户互转"
"296","两张卡都是你们银行的怎么互转"
"296","怎么在手机银行上本人账户互转"
"296","我想在手机银行上直接本人账户互转"
"297","51服务卡有没有活动"
"297","51服务卡可以有优惠嘛"
"297","51服务卡办了有什么优惠"
"297","五一服务卡有没有活动"
"297","五一服务卡可以有优惠嘛"
"297","五一服务卡办了有什么优惠"
"297","五一服务卡办了有什么用"
"297","用五一服务卡有没有优惠"
"297","服务卡享有哪些优惠活动"
"297","服务卡的优惠有哪些"
"297","服务卡办了是不是能够享有优惠"
"297","我想了解一下办了服务卡有什么优惠活动"
"297","我为什么要办五一服务卡"
"297","用51服务卡有没有优惠"
"298","你们的信用卡分期还款指的是什么"
"298","你们的信用卡分期能不能介绍一下"
"298","麻烦简单介绍一下分期还款"
"298","信用卡的分期还款帮我解释一下"
"298","信用卡的分期是什么"
"298","你们的信用卡分期是什么"
"298","我想了解一下你们的信用卡分期"
"298","什么是信用卡的分期还款"
"299","可以在外地办本地的etc嘛"
"299","我在外地能办这儿的etc嘛"
"299","我能不能在这儿办外地的etc"
"299","我能不能在外地办etc"
"299","我能不能跨地区办理etc"
"299","我想跨地区办etc"
"299","etc办理有没有地区限制"
"299","我可以跨地区办理etc嘛"
"3","IC卡的电子钱包发生错账了怎么办"
"3","IC卡的电子钱包金额算错了"
"3","IC卡的电子钱包怎么会错账"
"3","IC卡的账单发生了错误"
"3","IC卡的账算错了"
"3","IC卡电子钱包算错了"
"3","我的IC卡的电子钱包账单错了"
"3","我的IC卡电子钱包算错了怎么办"
"3","我的IC卡电子钱包为什么算错了"
"30","visa在国内哪里可以取现"
"30","visa可以在国内哪里取现金"
"30","visa的国内取现范围"
"30","我想用visa取现的话国内都可以嘛"
"30","visa信用卡是不是只能在宁波取现金"
"30","visa信用卡的国内取现范围"
"30","visa信用卡的国内哪些范围可以取现"
"30","visa是不是只能在宁波取现"
"30","visa是不是在国内哪儿都能取现"
"30","visa可以在国内各地取现嘛"
"300","能不能帮我重置我的贷记卡的查询密码"
"300","贷记卡的查询密码是否可以重置"
"300","我需要重置我的贷记卡的查询密码"
"300","贷记卡重置查询密码"
"300","我要重置贷记卡的查询密码"
"300","我需要重置我贷记卡的查询密码"
"300","能不能重置贷记卡的查询密码"
"300","贷记卡的查询密码能重置吗"
"300","我能不能重置我贷记卡的查询密码"
"300","我需要重新设置我的贷记卡的查询密码"
"300","我可以重置我贷记卡的查询密码吗"
"301","我的定期能在手机银行上转活期吗"
"301","我能不能在手机银行上直接办定期转活期"
"301","我的手机银行上面直接定期转活期可以办吗"
"301","我的手机银行能不能办定期转活期"
"301","我想问一下我能不能在手机银行上面办定期转活期"
"301","我想手机银行上面直接办定期转活期"
"301","手机银行能不能办定期转活期"
"301","我能不能在手机银行上定期转活期"
"302","企业网银证书显示到期了"
"302","企业网银证书过期如何处理"
"302","企业网银证书过期更新需要准备什么材料"
"302","如何处理过期企业网银证书"
"302","企业网银证书过期更新办理流程"
"302","企业网银证书到期了怎么办"
"302","企业网银证书到期"
"302","我的企业网银证书过期了怎么办"
"303","什么时候能买你们的活期化理财"
"303","什么时间段可以买你们的活期理财"
"303","我想知道活期的理财的购买时间"
"303","我想买活期理财的话什么时候可以买"
"303","我想问一下你们的活期理财什么时候可以买"
"303","我什么时候才能买你们的活期理财"
"303","你们的活期理财产品的购买有时间段嘛"
"303","你们的活期理财有购买时间嘛"
"303","活期化理财产品有没有购买时间"
"304","请问一下五一服务卡坐公交是打几折"
"304","五一服务卡坐公交能不能打折"
"304","五一服务卡在宁波坐公交打几折"
"304","五一服务卡坐公交打几折"
"304","我想知道五一服务卡坐公交是不是可以打折"
"304","用五一服务卡坐公交打折嘛"
"304","我想了解一下五一服务卡坐公交是打几折"
"304","我想问一下五一服务卡坐公交的话打几折"
"304","我想问一下五一服务卡坐公交的话打折嘛"
"304","请问一下五一服务卡坐公交打不打折"
"305","存单开户可以别人拿身份证去吗"
"305","存单开通可以不是本人去吗"
"305","存单开户可以代办吗"
"305","存单开户可以让别人去吗"
"305","存单开户手续可以别人代替办理吗"
"306","企业基本户销户的流程是什么"
"306","企业基本户符合什么条件可以进行销户"
"306","企业基本户销户要满足什么条件"
"306","什么情况下企业基本户要进行销户"
"306","企业基本户销户的有什么要求"
"307","我需要办理visa信用卡"
"307","你们的visa信用卡在哪儿可以办"
"307","我可以在哪儿办visa信用卡"
"307","我想办理visa信用卡"
"307","我想在你们这儿办理visa信用卡"
"307","我想申请办理visa信用卡"
"307","我想申请visa信用卡"
"307","我去哪儿可以办你们的visa信用卡"
"307","visa信用卡在哪儿办"
"307","visa信用卡的办理需要什么材料"
"308","信用卡逾期几天会有黑名单"
"308","透支卡逾期几天会征信不良"
"308","我的透支卡逾期了会征信不良吗"
"308","我的信用卡逾期了会不会上征信黑名单"
"308","我信用卡逾期一天不会有黑名单吧"
"309","我的ETC扣款绑定信用卡找不到了"
"309","我的ETC扣款绑定信用卡丢了"
"309","我的ETC扣款绑定信用卡丢了怎么挂失"
"309","我想知道怎么补办ETC扣款绑定信用卡"
"309","怎么补一张ETC扣款绑定信用卡"
"309","我要补办ETC扣款绑定的信用卡"
"309","ETC扣款绑定信用卡丢了怎么办"
"309","ETC扣款绑定信用卡丢失怎么补办"
"309","ETC扣款绑定信用卡遗失后该怎么办"
"309","ETC扣款绑定信用卡怎么补办"
"31","我想开通手机银行"
"31","我想开通手机银行的话在哪儿办"
"31","我可以在哪儿开通手机银行"
"31","在哪里开通手机银行"
"31","手机银行开通办理地点"
"31","手机银行怎么开通"
"31","手机银行如何开通"
"31","手机银行开通需要什么手续"
"31","手机银行开通需要去网点嘛"
"31","要怎么开通手机银行"
"310","我的三江联名卡可以在哪里消费"
"310","有没有限制三江联名卡的使用地点"
"310","三江联名卡在哪些地方可以使用"
"310","三江联名卡可以在哪里使用"
"310","三江联名卡的消费地区有限制吗"
"311","我在国外最多可以取多少钱"
"311","我办的银行卡在外国取现金的话最多是多少"
"311","银行卡的境外取现额度是多少"
"311","银行卡境外取现有额度限制嘛"
"311","银行卡每年在国外可以取多少钱"
"311","我的银行卡在国外取钱有限制嘛"
"311","银行卡在国外取现金的话最多可以取多少"
"311","银行卡在国外可以取多少钱"
"311","银行卡境外最多可以取多少现金"
"311","银行卡境外可以取多少现金"
"312","周周利的利率是按年算还是按月算"
"312","我想知道周周利的利率"
"312","周周利的最终利息有多少"
"312","周周利的收益怎么计算"
"312","周周利的利率是多少"
"313","如何开通企业集团网银业务"
"313","企业集团网银业务需要如何开通"
"313","我想开通企业集团客户网银"
"313","开通企业集团客户企业网银需要带什么材料"
"313","开通企业集团客户企业网银需要什么手续"
"313","开通企业集团客户企业网银需要准备什么"
"314","我的网银专业版连接服务器失败怎么办"
"314","为什么网银专业版连接服务器失败"
"314","网银专业版连接服务器失败是什么原因"
"314","网银专业版该页无法显示"
"314","网银专业版连接不上服务器怎么办"
"314","哪些情况会导致网银专业版连接服务器失败"
"315","我可以在哪儿办电子钱包卡销户"
"315","我怎么才能办电子钱包卡的销户"
"315","去柜台办电子钱包卡的销户要带什么"
"315","在电话里面能办电子钱包卡销户嘛"
"315","在哪儿可以办电子钱包卡的销户"
"315","电子钱包卡销户"
"315","电子钱包卡怎么销户"
"315","电子钱包卡销户在哪儿办"
"315","电子钱包卡销户的程序是什么"
"315","电子钱包卡的销户需要带什么"
"315","电子钱包卡的销户需要什么资料"
"315","我想办一下电子钱包卡的销户"
"316","我应该带什么资料去办社保卡"
"316","社保卡办理的话需要什么材料"
"316","去办社保卡之前要准备什么材料"
"316","请问一下社保卡的办理需要带什么"
"316","我想知道带什么资料去办理社保卡"
"316","社保卡办理需要什么材料"
"316","社保卡的办理需要什么资料"
"316","我要是办社保卡要低啊什么材料"
"316","办理社保卡要带什么材料"
"316","我要带什么材料去办社保卡"
"317","我办的社保卡的拿卡时间是什么时候"
"317","我办的社保卡什么时候可以拿到"
"317","我办理的社保卡的拿卡时间是什么时候"
"317","我办了社保卡什么时候可以拿"
"317","社保卡办理之后的拿卡时间是什么时候"
"317","我的社保卡办了之后能马上拿到嘛"
"317","我先前办的社保卡什么时候可以拿"
"317","我现在能拿我办的社保卡嘛"
"317","我能不能马上拿到我办的社保卡"
"317","办理的社保卡是不是可以马上拿到"
"318","校园卡的校园账户密码可以通过哪里设置"
"318","校园卡的校园账户的密码怎么设置"
"318","校园卡的校园账户有初始密码吗"
"318","不记得校园账户的密码了怎么设置"
"318","在哪里可以获取校园账户的支付密码"
"319","能不能介绍一下visa信用卡币种的种类"
"319","visa信用卡是什么币种类型的"
"319","visa信用卡币种种类"
"319","visa信用卡币种有哪几种"
"319","visa的卡是什么币种的卡"
"319","我想知道visa卡币种的种类"
"319","visa信用卡属于哪种币种的卡"
"32","我买的周周利怎么还没有起息"
"32","什么时候可以赎回周周利"
"32","什么时候可以买周周利"
"32","我想知道周周利的起息时间"
"32","周周利有固定的赎回时间吗"
"32","周周利有固定的购买时间吗"
"32","周周利什么时候起息"
"32","周周利什么时候开始算利息"
"32","周周利购买后什么时候开始算利息"
"32","周周利购买后起息时间"
"32","周周利产品的购买时间"
"32","周周利产品的赎回时间"
"32","周周利产品什么时候可以购买"
"32","周周利产品什么时候可以赎回"
"32","周周利购买后就立刻起息了吗"
"320","我想知道公务卡的还款时间是什么时候"
"320","我的公务卡有没有还款时间"
"320","我的公务卡的还款时间是什么时候"
"320","公务卡什么时候还钱"
"320","我想查一下公务卡的还款时间"
"320","公务卡还款时间"
"320","公务卡的还款时间是什么时候"
"320","公务卡的还款时间是多久"
"320","我想知道公务卡什么时候还款"
"320","公务卡什么时候还款"
"321","借记卡的跨行取款手续费是怎么算的"
"321","借记卡的跨行取款怎么收费"
"321","借记卡境外跨行取款怎么收手续费"
"321","借记卡跨行取钱要不要手续费"
"321","借记卡要跨行取现是怎么收费的"
"321","借记卡要是跨行取钱怎么收费"
"321","我的借记卡跨行取款怎么收手续费"
"321","异地借记卡跨行取款怎么收手续费"
"321","同城借记卡但是跨行取钱怎么收手续费"
"322","基金账户如何销户"
"322","基金账户有销户流程吗"
"322","办好基金之后怎么销户"
"322","我要注销基金账户"
"322","怎么把基金账户注销"
"322","基金账户的注销手续怎么办理"
"323","手机银行蓝牙蜜盾业务需要如何开通"
"323","如何开通个人手机银行蓝牙蜜盾业务"
"323","开通手机银行蓝牙蜜盾需要怎么做"
"323","开通手机银行蓝牙蜜盾需要什么手续"
"323","开通手机银行蓝牙蜜盾的手续是怎么样的"
"323","我想开通手机银行蓝牙蜜盾业务"
"324","企业网银付款账户户名不符解决办法"
"324","为什么企业网银提示付款账户户名不符"
"324","企业网银无法转账提示户名不符"
"324","企业网银提示付款账户户名不符怎么办"
"324","企业网银付款账户户名不符无法转账怎么办"
"325","校园卡上的钱扣了为什么校园账户的钱没有实时到账"
"325","我的校园卡钱已扣但是校园账户没有到账"
"325","我的校园卡钱都扣了怎么校园账户没有钱"
"325","校园卡的校园账户充值金额会延迟到账吗"
"325","校园卡上显示充值成功为什么校园账户没有余额"
"326","我挂失公务卡之后要不要手续费"
"326","公务卡的挂失换卡需要手续费吗"
"326","我想知道公务卡换卡要收手续费吗"
"326","公务卡换卡要不要手续费"
"326","公务卡换卡要手续费吗"
"326","我的公务卡挂失了要不要交手续费"
"326","我的公务卡挂失要不要收手续费"
"326","公务卡挂失之后换卡要不要手续费"
"326","公务卡办挂失的话要收手续费吗"
"327","同城通存的手续费是多少"
"327","同城通兑的手续费是多少"
"327","同城通存通兑的手续费是多少"
"327","同城通存通兑需要手续费吗"
"327","同城通存通兑转账需要手续费吗"
"328","介绍一下信用卡的现金分期"
"328","信用卡的现金分期还款是什么"
"328","我想了解一下信用卡的现金分期"
"328","信用卡现金分期还款是什么"
"328","什么是信用卡的现金分期"
"329","我们办的这个一卡通的代扣有没有优惠"
"329","我们开通一卡通的代扣代扣现在有没有活动"
"329","我们如果开通一卡通的代扣最近有活动嘛"
"329","办的一卡通代扣应该有活动嘛"
"329","一卡通的代扣消费的时候有没有优惠"
"329","一卡通代扣的话有没有消费"
"329","一卡通代扣有没有活动"
"329","一卡通代扣有没有优惠"
"329","一卡通办的这个代扣有优惠吧"
"33","借记卡激活可以别人代替办理吗"
"33","借记卡激活可以别人拿身份证去吗"
"33","借记卡激活可以不是本人去吗"
"33","借记卡激活能不能让别人代办"
"33","银行账户激活可以不是本人去吗"
"330","我想信用卡多花一点钱"
"330","我的信用卡想提高额度"
"330","我的信用卡能不能增加一下额度"
"330","我的信用卡能不能提升额度"
"330","我的信用卡能不能多给一些额度"
"330","我想提高一下我信用卡的额度"
"330","信用卡可以提高额度"
"331","银行卡可以用ATM机转账嘛"
"331","你们的银行卡能不能到ATM机上办理转账"
"331","你们的银行卡可以用ATM机转账嘛"
"331","自动存取款机可以银行卡转账嘛"
"331","转账一定要在你们柜台嘛"
"331","银行卡能不能拿ATM机转账"
"331","ATM机上可以银行卡转账嘛"
"331","可以用ATM机转账嘛"
"332","企业基本户地址变更需要哪些材料"
"332","企业基本户地址变更需要准备些什么"
"332","企业基本户地址如何变更"
"332","企业基本户地址怎么进行变更"
"332","准备哪些材料才能进行企业基本户地址变更"
"332","企业基本户地址变更如何办理"
"333","贷记卡的交易密码能改吗"
"333","贷记卡的交易密码是否可以修改"
"333","我需要更改我贷记卡的交易密码"
"333","我需要更改我的贷记卡的交易密码"
"333","能不能修改贷记卡的交易密码"
"333","贷记卡修改交易密码"
"333","我要修改贷记卡的交易密码"
"333","我需要改我的贷记卡的交易密码"
"333","我可以改我贷记卡的交易密码吗"
"333","能不能帮我改我的贷记卡的交易密码"
"333","我能不能改我贷记卡的交易密码"
"334","三类户最多可以存多少钱"
"334","三类户的存款额度是多少"
"334","3类户最多可以存多少钱"
"334","3类户的存款额度是多少"
"334","Ⅲ类户最多可以存多少钱"
"335","信用卡绑定的手机号码可以换嘛"
"335","信用卡绑定的手机号码可以更改嘛"
"335","贷记卡绑定的手机号码可以换嘛"
"335","我需要修改我贷记卡绑定的号码"
"335","我的贷记卡手机号码能不能修改"
"335","我的信用卡手机号码能不能修改"
"335","贷记卡手机号码修改"
"335","我需要修改我信用卡绑定的号码"
"335","贷记卡绑定的手机号码可以更改嘛"
"336","在企业网银页面报了停止工作"
"336","企业网银页面显示停止工作"
"336","企业网银里面报停止工作"
"336","怎么会报停止工作"
"336","企业网银停止工作了"
"336","企业网银里提示报停止工作了"
"337","我访问beekey的时候多试几次密码被锁了"
"337","我想问一下beekey访问密码被锁了要怎么办"
"337","我登录网银的时候说beekey访问密码被锁了"
"337","登录网银的时候多试了几次beekey访问密码被锁了"
"337","我去办理beekey访问密码挂失要不要钱"
"337","我想问一下beekey的访问密码被锁了需要怎么做"
"337","我的beekey访问密码被锁了"
"337","提示我说beekey访问密码锁了"
"337","我想访问beekey的时候被锁了"
"338","五一服务卡有什么功能"
"338","我想知道五一服务卡可以干什么"
"338","我想问一下五一服务卡有什么功能"
"338","五一服务卡有哪些功能"
"338","五一服务卡的功能有哪些"
"338","这个五一服务卡可以干什么"
"338","这个五一服务卡具体可以用来干什么"
"338","这个五一服务卡具体功能有哪些"
"339","借记卡短信通知解除需要哪些材料"
"339","借记卡短信通知解除怎么进行"
"339","借记卡短信通知该怎么解除"
"339","借记卡短信通知解除需要准备些什么"
"339","想要进行借记卡短信通知解除该怎么办"
"339","怎么样才能进行借记卡短信通知解除"
"34","今日金条价格"
"34","黄金你们银行现在价格是什么样的"
"34","黄金现在的价格是怎么样的"
"34","你们的黄金多少一克"
"34","你们的黄金价格是统一的嘛"
"34","你们黄金多少一钱"
"34","最近的黄金价格走势"
"34","最近的黄金什么价"
"340","什么是信用卡的最低还款额"
"340","我想知道我信用卡的最低还款额怎么算"
"340","信用卡的最低还款额怎么看"
"340","信用卡是不是有最低还款数"
"340","信用卡是不是有最少还款额"
"340","我能不能查一下我信用卡的最低还款额"
"340","我需要知道我的信用卡的最低还款额"
"340","我的信用卡的最低还款额是多少"
"340","我该怎么算我信用卡的最低还款额"
"341","网银证书到期怎么更新"
"341","网银证书需要更新要怎么做"
"341","网银证书怎么更新"
"341","我的网银证书怎么更新"
"341","办理网银证书的更新"
"341","如何办理网银证书的更新"
"341","我需要更新我的网银证书"
"342","我已经把融合卡注销了多久可以办理抵押取消手续"
"342","融合卡销户以后可以立刻办理抵押取消手续吗"
"342","融合卡已经销户很久了什么时候才可以办理抵押取消手续"
"342","融合卡已经销户了多久可以办理抵押取消手续"
"342","融合卡注销以后过多少时间可以办理抵押取消手续"
"343","如何跨支行打印回单箱"
"343","可以跨支行打印回单箱吗"
"343","跨支行打印回单箱该如何操作"
"343","回单箱打印可以跨支行吗"
"343","回单箱可以跨支行打印吗"
"344","有哪些方式可以取消校园卡自动充值"
"344","我要关闭校园卡的自动充值功能"
"344","校园卡的自动充值功能不能关闭吗"
"344","校园卡的自动充值功能在哪里可以关闭"
"344","校园卡的自动圈存功能怎么关闭"
"345","存折短信通知该怎么解除"
"345","存折短信通知解除需要哪些材料"
"345","存折短信通知解除需要准备些什么"
"345","存折短信通知解除怎么进行"
"345","想要进行存折短信通知解除该怎么办"
"345","怎么样才能进行存折短信通知解除"
"346","我想知道visa信用卡账单什么时候可以看"
"346","什么时候发visa信用卡的账单"
"346","visa信用卡的账单什么时候可以看"
"346","visa信用卡的账单随时都能看吗"
"346","visa信用卡什么时候发账单"
"346","visa信用卡什么时候给我们发送账单"
"346","visa信用卡账单能不能随时查看"
"346","我是否可以随时查看visa信用卡账单"
"346","我想查看visa信用卡的账单"
"346","我可以什么时候查看visa信用卡账单"
"347","单笔网银转账有限额吗"
"347","网银转账的单笔交易限额是多少"
"347","网银转账的单笔限额是多少"
"347","网银转账交易限额超过单笔限额怎么办"
"347","网银转账每日的转账限额"
"347","网银转账有单笔限额吗"
"348","有哪些资料才可以进行基本户开户"
"348","基本户开户需要哪些资料"
"348","基本户开户需要拥有哪些文件"
"348","基本户开户需要准备哪些资料"
"348","准备哪些文件才能进行基本户开户"
"349","企业签订三方协议需要准备些什么"
"349","企业签订三方协议怎么进行"
"349","企业需要签订三方协议该怎么办"
"349","准备哪些材料才能进行企业签订三方协议"
"349","企业签订三方协议的流程"
"349","企业签订三方协议如何处理"
"349","企业签订三方协议需要哪些材料"
"35","我五一服务卡的交易密码忘了"
"35","五一服务卡的交易密码忘了"
"35","我把我五一服务卡的交易密码忘了"
"35","要是我五一服务卡的交易密码忘了怎么办"
"35","我的五一服务卡的密码忘记了要怎么办"
"35","我的五一服务卡的密码输错被锁住了"
"35","我的五一服务卡的密码记错被锁住了"
"35","我想知道我的五一服务卡的密码忘记了该怎么办"
"350","借记卡想进行交易密码修改怎么办"
"350","借记卡交易密码修改需要准备些什么"
"350","准备哪些材料才能进行借记卡交易密码修改"
"350","借记卡交易密码修改怎么进行"
"350","借记卡交易密码修改需要哪些材料"
"350","借记卡交易密码修改如何进行"
"351","企业基本户名称变更如何办理"
"351","准备哪些材料才能进行企业基本户名称变更"
"351","企业基本户名称怎么进行变更"
"351","企业基本户名称如何变更"
"351","企业基本户名称变更需要哪些材料"
"351","企业基本户名称变更需要准备些什么"
"352","周周利的购买方式"
"352","请问一下你们的周周利可以在哪儿买"
"352","你们的周周利可以在哪儿买"
"352","我怎么买你们的周周利"
"352","我可以在哪儿买你们的周周利"
"352","我想问一下你们的周周利在哪儿买"
"352","我想买你们的周周利的话要在哪里买"
"352","我想买你们的周周利"
"352","你们的周周利的购买渠道有哪些"
"353","我想补办网银两码信封"
"353","如何解决网银两码信封失效"
"353","网银两码信封有效期是多久"
"353","网银两码信封失效怎么办"
"353","网银两码信封失效如何补办"
"353","补办网银两码信封需要什么材料"
"354","信用卡绑定地址需要修改"
"354","贷记卡绑定地址需要修改"
"354","贷记卡地址修改"
"354","贷记卡账单寄送的地址需要修改"
"354","当时申请贷记卡填的地址需要改了"
"354","当时申请信用卡填的地址需要改了"
"354","我的信用卡的地址能不能换"
"354","信用卡账单寄送的地址需要修改"
"354","我的贷记卡的地址能不能换"
"355","企业法人章丢失找回需要哪些材料"
"355","企业法人章丢失怎么进行找回"
"355","企业法人章丢失怎么办"
"355","企业法人章丢失需要准备些什么"
"355","企业法人章丢失如何处理"
"355","准备哪些材料才能进行企业法人章丢失找回"
"356","未成年人开户该怎么做"
"356","未成年人怎么办理账户"
"356","未成年人能开户吗"
"356","未成年人可以办理账户吗"
"356","未成年人办理账户要准备什么"
"357","3类户的消费额度是多少"
"357","3类户最多可以消费多少钱"
"357","三类户的消费额度是多少"
"357","Ⅲ类户最多可以消费多少钱"
"357","三类户最多可以消费多少钱"
"358","企业网银登陆密码和证书密码在哪里获取"
"358","为什么企业网银的登录密码和证书密码要分开设置"
"358","企业网银登录密码和证书密码有什么区别"
"358","企业网银登录密码和证书密码是同一个吗"
"358","企业网银的登录和证书各自要设置不同密码的意义是什么"
"358","如何区分企业网银登录密码和证书密码"
"359","我的网银怎么看不到其他的账户"
"359","我怎么看不到其他的账户信息"
"359","我的其他账户为什么看不到"
"359","我的其他账户怎么看不到"
"359","我需要看到其他的账户怎么看不到了"
"359","我想问一下我的网银为什么看不到其他的账户"
"359","怎么只显示一个账户"
"359","我的网银里面怎么没有我其他的账户"
"359","我看不到其他的账户了"
"36","借记卡短信通知号码修改怎么进行"
"36","想要进行借记卡短信通知号码修改该怎么办"
"36","怎么样才能进行借记卡短信通知号码修改"
"36","借记卡短信通知号码该怎么修改"
"36","借记卡短信通知号码修改需要哪些材料"
"36","借记卡短信通知号码修改需要准备些什么"
"360","借记卡交易明细查询需要哪些材料"
"360","借记卡交易明细查询需要准备些什么"
"360","借记卡交易明细查询怎么进行"
"360","借记卡交易明细该怎么查询"
"360","想要进行借记卡交易明细查询该怎么办"
"360","怎么样才能进行借记卡交易明细查询"
"361","储蓄账户解挂如何处理"
"361","储蓄账户解挂需要哪些材料"
"361","储蓄账户解挂需要准备些什么"
"361","储蓄账户解挂怎么办"
"361","储蓄账户解挂怎么进行"
"361","准备哪些材料才能进行储蓄账户解挂"
"362","企业的基本户开办从提交到开户晚成要多久"
"362","企业的基本户要多久能完成开户"
"362","企业开办基本户需要多久"
"362","企业开办基本户需要多少时间"
"362","企业开基本户的时间是多少"
"363","怎么办理信用卡的现金分期"
"363","信用卡的现金分期还款怎么办理"
"363","我想了解一下怎么办理信用卡的现金分期"
"363","我想办理信用卡的现金分期还款"
"363","办理信用卡的现金分期"
"364","51服务卡的激活可以怎么办理"
"364","51服务卡激活"
"364","51服务卡怎么激活啊"
"364","怎么激活51服务卡"
"364","怎么激活五一服务卡"
"364","激活五一服务卡需要什么手续"
"364","我的五一服务卡怎么激活"
"364","我办理的51服务卡怎么激活"
"364","我办理的五一服务卡怎么激活"
"364","五一服务卡的激活可以怎么办理"
"364","五一服务卡激活"
"364","五一服务卡怎么激活啊"
"364","我想知道五一服务卡需要激活应该怎么办"
"364","我想知道五一服务卡怎么激活"
"364","我想知道怎么激活办理的五一服务卡"
"365","企业的一般户开办从提交到开户晚成要多久"
"365","企业的一般户要多久能完成开户"
"365","企业开办一般户需要多久"
"365","企业开办一般户需要多少时间"
"365","企业开一般户的时间是多少"
"366","借记卡短信业务的收费标准是什么"
"366","借记卡短信业务要钱吗"
"366","借记卡开通短信服务的费用是多少"
"366","借记卡开通短信业务需要手续费吗"
"366","借记卡的短信服务的价格是多少"
"366","借记卡短信服务每月扣多少钱"
"367","信用卡的办理有哪几种方式"
"367","信用卡申请"
"367","我想办贷记卡的话需要怎么做"
"367","我想办信用卡的话需要怎么做"
"367","我想办一张贷记卡"
"367","我想办一张信用卡"
"367","办理贷记卡需要什么手续"
"367","办理信用卡需要什么手续"
"367","贷记卡的办理有哪几种方式"
"367","贷记卡怎么申请"
"367","信用卡怎么申请"
"368","存折短信提醒该怎么开通"
"368","存折短信提醒开通需要哪些材料"
"368","存折短信提醒开通需要准备些什么"
"368","存折短信提醒开通怎么进行"
"368","想要进行存折短信提醒开通该怎么办"
"368","怎么样才能进行存折短信提醒开通"
"369","车易卡剩下的钱一次性还清要怎么办理"
"369","车易卡提前还款要提交什么资料"
"369","我要把车易卡结清去哪里申请"
"369","我要把车易卡剩下的钱提前还掉如何办理"
"369","我要把车易卡提前结清怎么办理"
"37","我想问一下银行卡的每日免密支付额度是多少"
"37","我想问一下银行卡的免密支付单笔额度是多少"
"37","我想查一下我的银行卡的单笔免密额度"
"37","我想查一下我每天的银行卡的免密额度"
"37","银行卡每笔的免密支付额度是多少"
"37","银行卡每笔有多少的免密额度"
"37","银行卡每天的免密支付额度是多少"
"37","银行卡每天有多少的免密额度"
"37","我的银行卡每笔的免密额度是多少"
"37","我的银行卡每天的免密额度是多少"
"37","我的银行卡是不是每笔只能免密支付的额度是固定的"
"37","我的银行卡是不是每天只能免密支付额度是固定的"
"37","银行卡的每笔免密额度是多少"
"37","银行卡的每天免密额度是多少"
"37","银行卡的免密每笔有多少额度"
"37","银行卡的免密每天有多少额度"
"370","准备哪些材料才能进行存折定期转活期"
"370","存折定期转活期如何处理"
"370","存折定期转活期需要哪些材料"
"370","存折定期转活期需要准备些什么"
"370","存折定期转活期怎么办"
"370","存折定期转活期怎么进行"
"371","准备哪些材料才能进行企业回单丢失找回"
"371","企业回单丢失如何处理"
"371","企业回单丢失需要准备些什么"
"371","企业回单丢失怎么办"
"371","企业回单丢失怎么进行找回"
"371","企业回单丢失找回需要哪些材料"
"372","企业集团网银业务直联需要如何开通"
"372","开通企业集团客户企业网银的直联需要准备什么"
"372","开通企业集团客户企业网银直联需要带什么材料"
"372","开通企业集团客户企业网银直联需要什么手续"
"372","如何开通银企直联业务"
"372","我想开通企业集团客户网银直联"
"373","怎么办理基金定投业务"
"373","我想办理基金定投"
"373","基金定投办理有什么手续"
"373","基金定投哪里可以办理"
"373","基金定投要提交什么资料"
"373","基金定投怎么办理"
"373","基金可以办定投吗"
"374","如何利用关键字查询"
"374","怎么查询关键字"
"374","怎么查找企业网银交易菜单"
"374","查找企业网银菜单"
"374","企业网银交易菜单在哪"
"374","企业网银的交易菜单在哪里"
"375","我需要赎回聚蜜宝"
"375","赎回聚蜜宝怎么操作"
"375","聚蜜宝怎么赎回"
"375","怎么才能赎回聚蜜宝"
"375","我想赎回聚蜜宝"
"375","怎么赎回聚蜜宝"
"376","融合卡本期账单要在什么时候还清"
"376","融合卡的还款日是什么时候"
"376","融合卡的还款时间怎么算"
"376","融合卡的最后还款期限是什么时候"
"376","融合卡什么时候还款"
"377","手机pay出闸的扣款时间"
"377","手机支付出闸后多久扣款"
"377","手机支付出闸扣款有没有短信通知"
"377","我想问一下手机闪付出闸之后的扣款时间"
"377","我的手机pay出闸后扣款失败了"
"377","我的手机pay出闸之后扣款失败还会补扣嘛"
"377","我用手机pay出闸后扣款失败怎么办"
"377","我用手机支付出闸之后多久扣钱"
"378","存折去哪里销户"
"378","存折销户要准备什么材料"
"378","存折销户要做哪些准备"
"378","存折销户有什么手续"
"378","存折怎么销户"
"379","怎么要求我下载什么beekey"
"379","只有beekey下了才能用网银吗"
"379","网银必须要beekey吗"
"379","beekey这个管理工具有什么作用"
"379","我操作beekey怎么才能网购"
"379","我的电脑怎么不能网上银行"
"379","为什么需要beekey才能网购"
"379","为什么要我下载什么管理工具才能网购"
"379","为什么要下载beekey"
"379","我想要网购怎么要下载beekey"
"38","同城通兑的额度是多少"
"38","同城通存的额度是多少"
"38","同城通存通兑单笔最高是多少"
"38","同城通存通兑的额度是多少"
"38","同城通存通兑的限额是多少"
"380","我想更换手机银行注册的号码"
"380","我想换一下手机银行绑定的号码"
"380","我能不能换一下手机银行绑定的手机号"
"380","最近换号码了手机银行绑定的号码也需要更换嘛"
"380","手机号码更换的话手机银行绑定的号码是不是也要更换"
"380","手机号码更换的话手机银行注册的号码是不是也要更换"
"380","手机银行绑定的号码需要更换"
"380","手机银行绑定的手机号要换了"
"380","手机银行注册的号码能不能更换"
"381","借记卡ATM转账撤销需要哪些材料"
"381","借记卡ATM转账撤销需要准备些什么"
"381","借记卡ATM转账撤销怎么进行"
"381","借记卡ATM转账该怎么撤销"
"381","想要进行借记卡ATM转账撤销该怎么办"
"381","怎么样才能进行借记卡ATM转账撤销"
"382","有单位统一办理的工资卡可以直接使用吗"
"382","代办的借记卡是否需激活"
"382","代办卡片不能使用"
"382","代办卡片激活"
"382","单位统一办理的储蓄卡为什么不能直接转账"
"382","单位统一办理的工资卡还要去柜台激活过吗"
"382","单位统一办理的工资卡为什么不能直接使用"
"382","单位统一办理的借记卡可以直接使用吗"
"383","如何设置企业网银操作员权限"
"383","如何管理企业网银操作员权限"
"383","操作员管理按钮在哪"
"383","操作员管理菜单在哪"
"383","企业网银可否管理操作员的权限等"
"383","企业网银操作员的权限要如何管理"
"383","企业网银操作员的权限要如何设置"
"384","购买理财产品对起点金额有要求吗"
"384","购买理财产品有起点金额吗"
"384","购买理财产品至少要多少金额以上"
"384","多少金额以上才可以购买理财"
"384","理财产品的起点金额是多少"
"385","我想知道居住在IC卡"
"385","我想知道什么是居住证IC卡"
"385","居住证IC卡简单了解一下"
"385","居住证的IC卡是什么"
"385","我想了解一下居住证IC卡"
"385","我能不能了解一下居住证IC卡"
"385","我的居住证IC卡是什么"
"385","能不能简单介绍一下居住证IC卡"
"385","什么是居住证IC卡"
"386","etc的标签脱落了"
"386","etc的电子标签脱落了是不是不能用了"
"386","etc的电子标签脱落影响使用吗"
"386","etc电子标签的脱落需要重新激活吗"
"386","etc电子标签脱落是否还能正常使用"
"386","etc电子标签脱落是否需要重新安装"
"386","我想问一下etc的电子标签脱落会影响使用吗"
"386","我的etc电子标签脱落了影不影响正常使用"
"387","什么卡可以无卡支付"
"387","我为什么要办无卡支付"
"387","无卡支付的优点是什么"
"387","无卡支付可以用来付什么"
"387","无卡支付可以用来做什么"
"387","无卡支付有什么优点"
"387","你们的无卡支付是什么"
"387","没有卡也能支付吗"
"387","什么是无卡支付"
"388","可以直接在网上买你们的理财吗"
"388","我想问一下这边的理财怎么买"
"388","我想要买理财"
"388","我想理财"
"388","我在哪里可以买理财"
"388","我要买理财产品需要怎么做"
"388","理财的产品怎么卖"
"388","你们这边能买理财吗怎么买"
"389","我想知道活期化理财的购买渠道"
"389","我可以通过手机银行购买活期化理财吗"
"389","我在哪里可以购买活期化理财"
"389","活期化理财的购买渠道有哪些"
"389","活期化理财只能通过柜台购买吗"
"39","企业一般户注册资金变更需要准备些什么"
"39","企业一般户注册资金如何变更"
"39","准备哪些材料才能进行企业一般户注册资金变更"
"39","企业一般户注册资金怎么进行变更"
"39","企业一般户注册资金变更如何办理"
"39","企业一般户注册资金变更需要哪些材料"
"390","蜜蜂校园卡校园账户丢了怎么办"
"390","蜜蜂校园卡校园账户丢失"
"390","蜜蜂校园卡校园账户丢失怎么补办"
"390","蜜蜂校园卡校园账户遗失后该怎么办"
"390","蜜蜂校园卡校园账户怎么补办"
"390","我要补办蜜蜂校园卡校园账户"
"390","我的蜜蜂校园卡校园账户找不到了"
"390","我的蜜蜂校园卡校园账户丢了怎么挂失"
"390","我的蜜蜂校园卡校园账户丢了"
"390","我想知道怎么补办蜜蜂校园卡校园账户"
"390","怎么补一张蜜蜂校园卡校园账户"
"391","电子钱包的卡有效期是多久"
"391","电子钱包卡是否有有效期"
"391","电子钱包的卡的有效期是多久"
"391","我想请问一下电子钱包卡的有效期"
"391","电子钱包卡是不是有有效期"
"391","我想问一下电子钱包的卡的有效期"
"391","我办的电子钱包卡是不是有有效期"
"391","我办理的电子钱包的卡有效期是多久"
"392","我想开通企业网银要准备什么"
"392","如何开通企业网银"
"392","开通企业网银需要准备什么材料"
"392","开通企业网银需要什么手续"
"392","开通企业网银的流程是什么"
"392","开通企业网银需要准备什么东西"
"393","ETC销户怎么办"
"393","etc的销户需要什么资料"
"393","etc销户的程序是什么"
"393","我怎么才能办ETC的销户"
"393","我可以在哪儿办etc销户"
"393","我想办一下etc的销户"
"393","去柜台办ETC的销户要带什么"
"393","ETC的销户需要带什么"
"393","在哪儿可以办ETC的销户"
"393","ETC销户在哪儿办"
"393","在电话里面能办ETC销户嘛"
"394","我能不能在手机银行上挂失"
"394","手机银行能不能挂失账户"
"394","手机银行能不能办账户挂失"
"394","手机银行可以实现挂失嘛"
"394","手机银行可以办理账户挂失吧"
"394","手机银行办账户挂失方便嘛"
"394","账户挂失可以在手机银行上办嘛"
"394","账户的挂失是不是可以在手机银行上办"
"394","我不想去柜台办挂失"
"394","我的账户可以在手机银行上面挂失嘛"
"395","我能不能看一下我的转账额度"
"395","这张卡网上转账最多转多少"
"395","我的网银最多转多少钱"
"395","我的网银有没有转账额度"
"395","能不能查一下转账额度"
"395","网上转账有上限吗"
"395","我要是在网上转账最多转多少钱"
"395","网银转账额度是多少"
"395","转账额度怎么看"
"395","我想问一下这张卡的转账额度"
"396","证书下载是vista系统的电脑也可以吗"
"396","网银vista系统能否下载证书"
"396","网银win7系统能否下载证书"
"396","我的电脑是vista也能下载证书吗"
"396","我的电脑是win7的能下载证书吗"
"396","我要是下载证书电脑是winxp能不能下载"
"396","我的vista系统能不能下载证书"
"396","我的win7系统能不能下载证书"
"396","我的winxp系统能不能下载证书"
"397","账户办理的手续"
"397","开户需要什么材料"
"397","如何进行账户办理"
"397","如何进行开户"
"397","账户办理要准备什么"
"398","我把校园卡密码挂失了校园功能还能使用吗"
"398","我的校园卡密码挂失以后校园功能怎么办"
"398","我的校园卡密码挂失以后会影响校园功能吗"
"398","我的校园卡密码挂失了饭卡还能正常使用吗"
"398","我的校园卡密码挂失了校园功能会不会冻结"
"399","我的贷记卡能不能设置一个自动还款的账号"
"399","我的信用卡能不能设置一个自动还款的账号"
"399","信用卡怎么设置自动还款的账号"
"399","贷记卡设置自扣还款账号"
"399","贷记卡怎么设置自动还款的账号"
"399","我要想设置一个贷记卡自动还款账号要怎么做"
"399","我要想设置一个信用卡自动还款账号要怎么做"
"399","我想给贷记卡设置一个自动还款的账号"
"399","我想给信用卡设置一个自动还款的账号"
"4","准备哪些材料才能进行企业一般户法人信息变更"
"4","企业一般户法人信息变更如何办理"
"4","企业一般户法人信息变更需要哪些材料"
"4","企业一般户法人信息变更需要准备些什么"
"4","企业一般户法人信息如何变更"
"4","企业一般户法人信息怎么进行变更"
"40","我要补办电子钱包卡"
"40","我想知道怎么补办电子钱包卡"
"40","电子钱包卡怎么补办"
"40","电子钱包卡遗失后该怎么办"
"40","我的电子钱包卡丢了"
"40","电子钱包卡丢了怎么办"
"40","我的电子钱包卡找不到了"
"40","怎么补一张电子钱包卡"
"40","我的电子钱包卡丢了怎么挂失"
"40","电子钱包卡丢失怎么补办"
"400","五一服务卡办理要不要收费"
"400","如果我想办五一服务卡需要收费吗"
"400","五一服务卡办理收费吗"
"400","五一服务卡办理是否需要收费"
"400","办五一服务卡要收费吗"
"400","办五一服务卡你们要不要收手续费"
"400","办理五一服务卡是不是要收手续费"
"400","办理五一服务卡的话你们要收费吗"
"400","我想办五一服务卡的话是不是要收费"
"401","visa信用卡有优惠嘛"
"401","visa信用卡有优惠活动嘛"
"401","visa信用卡最近有没有优惠"
"401","我想知道visa信用卡最近的活动是什么"
"401","我想了解一下visa的优惠活动"
"401","visa的信用卡最近有没有优惠"
"401","visa能不能有优惠"
"401","visa信用卡有什么优惠"
"401","visa信用卡是不是有优惠"
"401","visa最近有没有活动"
"401","visa信用卡的优惠有哪些"
"401","visa能不能有优惠活动"
"402","企业网上银行密码何时解锁"
"402","企业网上银行密码被锁定了怎么办"
"402","我的企业网银登录密码被锁定了"
"402","企业网上银行密码锁定会自动解锁吗"
"402","企业网上银行密码如何解锁"
"402","如何解锁企业网上银行密码"
"403","我的信用卡余额信息能不能查"
"403","我的信用卡余额怎么看"
"403","我想知道我的信用卡还有多少钱"
"403","我想查一下我的信用卡余额"
"403","我想看信用卡余额"
"403","查询我的信用卡余额"
"403","查一下我的信用卡余额"
"403","查一下我的信用卡余额信息"
"403","方便查一下我的信用卡余额信息吗"
"403","我的信用卡余额信息"
"404","帮我查一下金领卡的最低还款额"
"404","金领卡的最低还款额怎么算的"
"404","金领卡的最低还款额是多少"
"404","我想知道金领卡的最低还款额"
"404","金领卡有最低还款额吗"
"405","大额存单有多少利率"
"405","大额存单是怎么计息的"
"405","大额存单的利率怎么计算的"
"405","大额存单的利率是多少"
"405","大额存单的计息方式是什么"
"406","一卡通自助扣款可以代办吗"
"406","一卡通代扣一定要本人办理吗"
"406","一卡通代扣非本人可以办理吗"
"406","一卡通代扣可以代办吗"
"406","可以让别人代办一卡通自助扣款吗"
"407","存折交易明细该怎么查询"
"407","存折交易明细查询怎么进行"
"407","想要进行存折交易明细查询该怎么办"
"407","存折交易明细查询需要哪些材料"
"407","怎么样才能进行存折交易明细查询"
"407","存折交易明细查询需要准备些什么"
"408","借记卡短信通知如何查询"
"408","不知道自己有没有借记卡的短信通知"
"408","借记卡的短信通知怎么查询"
"408","借记卡短信通知能不能查到"
"408","怎么知道我借记卡有没有短信通知"
"408","查询借记卡短信通知需要带什么材料"
"409","手机银行的安装是怎么样的"
"409","指导我一下安装手机银行"
"409","发一下手机银行的安装说明"
"409","请问一下手机银行怎么安装"
"409","安装手机银行的说明有没有"
"409","我想问一下手机银行怎么安装"
"409","我想安装手机银行"
"409","手机银行怎么安装"
"409","怎么安装手机银行"
"409","手机银行安装是什么样的程序"
"41","你们信用卡的积分怎么得的"
"41","你们信用卡刷卡有积分吗"
"41","怎么我刷卡没有积分的"
"41","信用卡刷卡的积分规则是怎么样的"
"41","我刚刷了卡有没有积分的"
"410","企业账户现金怎么进行续存"
"410","企业账户现金续存需要准备些什么"
"410","企业账户现金续存需要哪些材料"
"410","准备哪些材料才能进行企业账户现金续存"
"410","企业账户现金如何续存"
"410","企业账户现金续存如何办理"
"411","存折口头挂失有效期是多久"
"411","存折口头挂失可以持续多久"
"411","存折可以口头挂失吗"
"411","存折丢失应该如何口头挂失"
"411","存折口头挂失如何办理"
"412","企业一般户企业名称怎么进行变更"
"412","准备哪些材料才能进行企业一般户企业名称变更"
"412","企业一般户企业名称变更如何办理"
"412","企业一般户企业名称变更需要哪些材料"
"412","企业一般户企业名称变更需要准备些什么"
"412","企业一般户企业名称如何变更"
"413","基金赎回以后多久会到账"
"413","基金赎回以后会立刻到账吗"
"413","基金赎回以后要过几天才会到账"
"413","基金赎回到账时间怎么算"
"413","基金赎回以后不是立刻到账的吗"
"414","etc有黑名单吗"
"414","etc是不是有黑名单"
"414","etc什么情况下不能用"
"414","etc的黑名单是怎么设置的"
"414","请问一下etc是不是有黑名单"
"414","我会进入etc的黑名单吗"
"414","进入etc黑名单的条件有哪些"
"414","怎么进入etc的黑名单"
"414","怎么才会进入etc的黑名单"
"415","visa信用卡能不能取美元"
"415","我想问一下visa信用卡可以取哪几种货币"
"415","visa信用卡能不能取韩元"
"415","visa信用卡能不能取欧元"
"415","visa信用卡能不能取日元"
"415","visa信用卡能不能取台币"
"415","visa信用卡能不能取港币"
"415","visa信用卡能不能取英镑"
"415","visa信用卡取款币种有哪些"
"415","visa信用卡可以取哪几种货币"
"415","visa可以取哪几种货币"
"415","visa的信用卡取款币种有哪些"
"415","visa的信用卡可以取哪几种货币"
"415","visa信用卡能不能取泰铢"
"416","我办理的蜜蜂校园卡怎么激活"
"416","怎么激活蜜蜂校园卡"
"416","怎么才能激活我的蜜蜂校园卡"
"416","我想知道蜜蜂校园卡怎么激活"
"416","我想知道怎么激活办理的蜜蜂校园卡"
"416","蜜蜂校园卡怎么激活啊"
"416","蜜蜂校园卡怎么激活"
"416","蜜蜂校园卡需要激活怎么办"
"416","我的蜜蜂校园卡怎么激活"
"416","激活蜜蜂校园卡需要什么手续"
"417","我可以去哪儿拿在网上买的黄金"
"417","网上买的黄金提取是在你们网点还是黄金店"
"417","网上购买的黄金可以在你们网点提嘛"
"417","实物黄金购买后哪里可以提金"
"417","我可以在哪儿拿到我在网上买的黄金"
"417","我去哪儿提我的黄金"
"417","你们网点能不能提黄金"
"417","网上买的黄金能实体店提嘛"
"417","我在网上买了黄金去哪儿买"
"418","存单销户要准备什么材料"
"418","存单销户要做哪些准备"
"418","存单销户有什么手续"
"418","存单怎么销户"
"418","存单去哪里销户"
"419","我要是在国外用visa取款是不是也要手续费"
"419","在国外使用visa取款是不是要收高额手续费"
"419","在国外用visa取款的话是不是要收高额的手续费"
"419","国外visa取现手续费是不是很高"
"419","我要是用visa在国外取现金是怎么收手续费"
"419","visa在国外取现金怎么收手续费"
"419","我在国外用visa的话是不是手续费要高一点"
"419","我在国外用visa取款是不是手续费要高一点"
"419","我用visa在国外取钱怎么收手续费"
"419","visa信用卡在外国取现金的话是怎么收费的"
"42","visa信用卡可刷卡的地区"
"42","visa信用卡是哪些地区可以使用的"
"42","visa信用卡刷卡地区是哪些"
"42","visa信用卡刷卡消费的地区是哪些"
"42","我想了解一下visa信用卡的刷卡地区"
"42","visa可以在哪些地区刷卡使用"
"42","visa可以在哪些地区刷卡消费"
"42","visa可以在哪些国家使用"
"42","visa是在所有国家都能刷卡嘛"
"42","visa在国外都能用嘛"
"420","企业基本户办理的要求"
"420","企业基本户如何办理"
"420","企业基本户的开户要求"
"420","企业基本户的适用对象"
"420","企业基本户面相的对象"
"421","审核员如何审核交易"
"421","审核网银交易的按钮在哪"
"421","如何审核交易"
"421","如何进入企业网银审核界面"
"421","如何进入企业网银审核菜单"
"421","怎么复核网银交易"
"421","管理员怎么审核网银交易"
"421","企业网银审核交易在哪里进"
"421","企业网银审核交易从哪里进而无法"
"421","我想审核未完成交易"
"422","网银怎么注销"
"422","我的网银不想用了"
"422","如何办理个人网银的注销手续"
"422","怎么注销我的网银"
"422","怎么注销个人网上银行"
"422","怎么才能注销个人网银"
"422","我想注销我的个人网上银行"
"422","网银的注销手续是什么"
"422","网银怎么才能注销"
"422","如何才能注销个人网银"
"422","我想注销我的网银"
"423","个人存款证明是不是不能提前解除"
"423","个人存款证明是不是一定要到期才能解除"
"423","个人存款证明怎么办理提前解除"
"423","个人存款证明可以提前解除吗"
"423","个人存款证明不能提前解除吗"
"424","我可以改我贷记卡的短信通知号码吗"
"424","我需要更改我的贷记卡的短信通知号码"
"424","我需要更改我贷记卡的短信通知号码"
"424","我要修改贷记卡的短信通知号码"
"424","我需要改我的贷记卡的短信通知号码"
"424","能不能修改贷记卡的短信通知号码"
"424","能不能帮我改我的贷记卡的短信通知号码"
"424","贷记卡修改短信通知号码"
"424","贷记卡的短信通知号码能改吗"
"424","贷记卡的短信通知号码码是否可以修改"
"424","我能不能改我贷记卡的短信通知号码"
"425","我可以选择我信用卡的最低还款额嘛"
"425","信用卡的最低还款额怎么选择"
"425","信用卡的最低还款额可以选择嘛"
"425","信用卡怎么选最低还款额"
"425","我能不能选择我信用卡的最低还款额"
"425","我能不能自己设置信用卡的最低还款额"
"425","我想知道怎么选择信用卡的最低还款额"
"425","我想选择我的信用卡最低还款额"
"426","1222"
"426","222？？"
"426","22"
"426","12"
"426","122"
"427","1"
"427","4"
"427","3"
"427","2"
"427","5"
"43","USBKey要怎么解锁"
"43","USBKey被冻结该如何操作"
"43","USBKey被锁怎么办"
"43","USBKey去哪里解除锁定"
"43","USBKey被锁如何解锁"
"430","我想办信用卡"
"430","信用卡办理"
"430","我要办理信用卡"
"430","我要办信用卡"
"430","办理信用卡"
"431","办卡怎么办"
"431","我想办理卡"
"431","我想办卡啊"
"431","我想申请办卡"
"431","办卡"
"431","办卡申请"
"436","我想测试"
"436","我测试2"
"436","我测试1"
"436","我测试"
"436","我测试3"
"44","怎么才能在手机银行上不用卡取现"
"44","我能不能不带卡直接在手机银行上取现金"
"44","我想了解一下手机银行的无卡取现"
"44","手机银行的无卡取现需要怎么做"
"44","手机银行是不是有无卡取现金"
"44","手机银行可以无卡取现嘛"
"44","手机银行没有卡能不能取现"
"44","手机银行没有实体卡也能取现嘛"
"44","手机银行能不能无卡取现金"
"44","手机银行的无卡取现怎么操作"
"45","进入etc黑名单的话要多久出来"
"45","我想从etc黑名单出来要多久"
"45","从etc黑名单出来的数据"
"45","etc消除黑名单周期"
"45","要多久才能从etc黑名单出来"
"45","etc黑名单消除需要多久"
"45","etc消除黑名单要多久"
"45","我进入etc黑名单了多久才能出来"
"46","我的网银登陆密码被锁了"
"46","密码被锁了"
"46","网银登陆密码被锁应该怎么做"
"46","网银登陆密码被锁"
"46","网银登陆密码被锁了怎么办"
"46","网银登录时输入错误过多密码被锁"
"47","在你们ATM机上转账要不要手续费"
"47","在你们的ATM机上转账需要手续费嘛"
"47","储蓄卡ATM机同城转账手续费"
"47","你们的ATM机转账是要交手续费的嘛"
"47","你们的ATM机转账要手续费嘛"
"47","ATM机借记卡异地转账手续费"
"47","我在你们的ATM机上转账需不需要手续费"
"47","我在你们银行的自动存取款机上转账是不是要交手续费"
"47","借记卡ATM机同城转账手续费"
"47","ATM机储蓄卡异地转账手续费"
"47","我要是在你们的ATM机上转账需要交手续费嘛"
"48","融合卡的账单日是什么时候"
"48","融合卡什么时候出账单"
"48","融合卡有账单日吗"
"48","融合卡有没有固定的出账日"
"48","融合卡有出账日吗"
"49","怎么代办激活社保卡"
"49","社保卡激活代办行不行"
"49","社保卡激活怎么让别人帮我办理"
"49","社保卡怎么代办激活啊"
"49","我想知道社保卡怎么让别人代办激活"
"49","我的社保卡怎么代办激活"
"49","代办激活社保卡需要什么手续"
"49","我想知道别人能不能激活我办理的社保卡"
"49","我想知道社保卡怎么代办激活"
"49","我的社保卡激活谁能帮我办"
"5","金领卡的还款日期怎么算"
"5","金领卡的还款日是什么时候"
"5","金领卡的最后还款期限是什么时候"
"5","金领卡什么时候还款"
"5","金领卡有具体的还款时间吗"
"50","不动户被限制了哪些业务"
"50","不动户对业务办理有什么影响"
"50","不动户哪些功能被停用了"
"50","不动户哪些业务无法办理"
"50","不动户能办理哪些业务"
"51","applepay里面能不能添加你们的卡"
"51","applepay能不能绑定你们的卡"
"51","我能不能用applepay支付"
"51","我能不能在applepay上面绑定你们的卡"
"51","我能不能用apple pay支付"
"51","如何开通apple pay"
"51","如何开通applepay"
"51","apple pay里面能不能添加你们的卡"
"51","你们的卡可以用来apple pay支付吗"
"51","你们的卡可以用来applepay支付吗"
"51","你们的卡可以在apple pay上绑定吗"
"51","你们的卡可以在applepay上绑定吗"
"51","applepay可以用你们的卡支付吗"
"51","我要用apple pay绑定你们的卡"
"51","我要用apple pay付款"
"51","我要用applepay绑定你们的卡"
"51","apple pay能不能绑定你们的卡"
"51","我要用applepay付款"
"52","我的电子钱包卡超出有效期了怎么办"
"52","电子钱包卡有效期过了"
"52","我的电子钱包卡如果超出有效期是需要怎么做"
"52","电子钱包卡要是超出有效期了需要怎么做"
"52","电子钱包卡的有效期过了怎么办"
"52","如果我的电子钱包卡了超出有效期需要怎么办"
"52","我需要怎么做才能使超出有效期的电子钱包卡重新使用"
"52","我能不能重新使用超出有效期的电子钱包卡"
"52","电子钱包卡有没有有效期"
"53","我的网银登录的时候提示密码错误"
"53","我的网银登录的时候提示用户名错误"
"53","网银登录时提示密码错误"
"53","网银登录时提示用户名错误"
"53","登录网银的时候提示密码错误"
"53","登录网银的时候提示用户名错误"
"54","登陆网银客户端显示证书无效的原因是什么"
"54","为什么登陆网银客户端显示证书无效"
"54","造成登陆网银客户端显示证书无效的原因都有什么"
"54","网银客户端显示证书无效该怎么处理"
"54","如何解决网银客户端显示证书无效问题"
"55","我能不能退电子钱包卡的押金"
"55","我要是不用电子钱包卡了能不能退押金"
"55","我要是不用电子钱包卡了会不会退押金"
"55","不用电子钱包卡了是不是会退押金"
"55","电子钱包卡销户押金退吗"
"55","电子钱包卡销户押金可以退吗"
"55","电子钱包卡能不能退押金"
"55","电子钱包卡的押金退不退"
"55","电子钱包卡不用之后能不能退押金"
"55","电子钱包卡不用了会退押金吧"
"55","要是不用电子钱包卡了这个押金还退嘛"
"56","周周利是否有固定的收益到账时间"
"56","周周利收益什么时候到账"
"56","周周利的购买收益什么时候到账"
"56","周周利的收益到账时间"
"56","周周利的收益到账有固定时间吗"
"56","周周利的收益什么时候到账"
"56","周周利购买之后是否有固定到账时间"
"56","买了周周利之后什么时候收益到账"
"56","购买周周利之后什么时候开始收益"
"56","购买周周利之后收益的到账时间"
"57","大众版的网银要怎么办"
"57","我想办理大众版网上银行"
"57","业务少一点网银怎么办"
"57","我怎么在你们网页上开通网银"
"57","我要怎么申请大众网银"
"57","我怎么办大众版网银"
"57","我要办大众版的网上银行需要怎么办"
"57","怎么办理大众版网上银行"
"58","金领卡的最高额度是多少"
"58","金领卡能申请到的最高额度是多少"
"58","金领卡是否有最高额度"
"58","金领卡最高能办多少额度"
"58","金领卡有最高额度吗"
"59","自助开通企业手机银行需要具备哪些条件"
"59","自助开通企业手机银行有哪些限制"
"59","自助开通企业手机银行有哪些条件"
"59","哪些客户可自助开通企业手机银行"
"59","符合什么条件的客户可以自助开通企业手机银行"
"6","我刚帮我爸兑换了积分你们礼品去哪里领"
"6","你们卡积分换礼品去网点领的吗卡片不是我自己的"
"6","你们网上的积分换礼不是卡主可以待领吗"
"6","你们银行用积分换的礼物一定要本人去领吗"
"6","不是我的透支卡要去哪里查卡的积分"
"6","不是我的信用卡积分怎么查"
"6","我要查积分信用卡不是我的"
"6","非本人查询信用卡积分"
"6","非本人兑换礼物"
"6","非本人领取礼物"
"6","我手上的卡是我朋友的你们的积分可以换话费吗"
"6","我妈妈的卡我要帮她换礼品"
"6","我妈妈的透支卡可以查积分吗"
"6","我朋友的卡一直是我在使用积分可以换什么东西"
"6","我朋友在你们官网用积分换了一件商品本人没空我可以带领吗"
"6","信用卡是我老婆的一直是我在用我要查有多少积分"
"6","卡不是我的我怎么兑换积分吗"
"6","卡是我爸的他不会兑换你帮我看一下可以换什么"
"60","办理etc的话多少钱"
"60","办理etc要不要钱"
"60","办理etc要交多少钱"
"60","我办理etc的话要收多少钱"
"60","etc办理多少钱"
"60","etc办理是怎么收费的"
"60","etc怎么收费"
"60","我要是办etc要交多少钱"
"61","办理的借记卡可以网上快捷支付嘛"
"61","我的借记卡有没有网上快捷支付功能"
"61","借记卡在网上可以快捷支付嘛"
"61","我办的借记卡是不是可以网上消费"
"61","借记卡的网上快捷支付功能有没有开通"
"61","借记卡的网上快捷支付有没有开通"
"61","借记卡是不是可以网上消费"
"61","借记卡支持网上消费功能嘛"
"62","我想把定期转成活期但是不想去你们专柜"
"62","我能不能在网银证书版上办定期转活期"
"62","我想在网银上办定期转活期"
"62","除了去专柜还能去哪儿办定期转活期"
"62","网银证书版能办定期转活期嘛"
"62","网上银行怎么办定期转活期"
"62","网银上面可以办定期转活期吧"
"62","网银上能不能办定期转活期"
"62","网银证书版的能办定期转活期嘛"
"62","网上银行的定期转活期怎么办理"
"63","我的服务卡有购买份数限制吗"
"63","我想知道一个人最多可以买几张五一服务卡"
"63","五一服务卡的限制购买份额是多少"
"63","我可以多办几张服务卡吗"
"63","五一服务卡每人可以办几张"
"63","五一服务卡能不能一个人多买几张"
"63","我不能多买几张服务卡吗"
"63","五一服务卡每个人可以买几张"
"64","五一服务卡的损坏是否需要补办"
"64","五一服务卡的损坏影响到了我的使用"
"64","五一服务卡坏了的话补办要不要钱"
"64","五一服务卡坏了能不能补办"
"64","我的五一服务卡怎么坏了"
"64","五一服务卡怎么会坏"
"64","我的五一服务卡坏了怎么办"
"64","我的五一服务卡损坏可以重新开卡嘛"
"64","我的五一服务卡损坏了影响我的使用了"
"64","五一服务卡损坏是否需要补办"
"65","我的借记卡每笔的免密额度是多少"
"65","借记卡小额免密单日限额"
"65","我的借记卡是不是每笔只能免密支付的额度是固定的"
"65","我的借记卡是不是每天只能免密支付额度是固定的"
"65","我想查一下我的借记卡的单笔免密额度"
"65","我想查一下我每天的借记卡的免密额度"
"65","我想问一下借记卡的每日免密支付额度是多少"
"65","我想问一下借记卡的免密支付单笔额度是多少"
"65","借记卡的每笔免密额度是多少"
"65","借记卡的每天免密额度是多少"
"65","借记卡的免密每笔有多少额度"
"65","借记卡的免密每天有多少额度"
"65","借记卡每笔的免密支付额度是多少"
"65","借记卡每笔有多少的免密额度"
"65","借记卡每天的免密支付额度是多少"
"65","借记卡每天有多少的免密额度"
"65","借记卡小额免密单笔限额"
"65","我的借记卡每天的免密额度是多少"
"66","我想办理etc"
"66","我可以在哪儿办etc"
"66","我想申请etc"
"66","你们的ETC在哪儿可以办"
"66","我想在你们这儿办理etc"
"66","etc在哪儿办"
"66","我需要办理etc"
"66","我想申请办理ETC"
"67","我怎么使用你们的银行卡才能进出闸机"
"67","我怎么使用银行卡进出闸机"
"67","怎么用银行卡进出闸机"
"67","银行卡进出闸机的使用方式"
"67","银行卡可以进出闸机的话是怎么使用的"
"67","银行卡进出闸机和交通卡一样使用嘛"
"67","银行卡进出闸机和市民卡一样嘛"
"67","银行卡进出闸机使用的程序"
"67","银行卡进出闸机怎么操作"
"67","银行卡进出闸机和交通卡一样嘛"
"68","我的网银专业版显示没有收到证书怎么办"
"68","网银专业版显示没有收到证书如何解决"
"68","哪些情况会导致网银专业版显示没有收到证书"
"68","为什么网银专业版显示没有收到证书"
"68","网银专业版显示没有收到证书是什么原因"
"69","你们的网银证书怎么下载"
"69","我怎么下载你们的网银证书"
"69","网页上面不能下载证书吗"
"69","网页证书需要在哪里下载"
"69","网银怎么下载证书"
"69","怎么下载你们的证书"
"69","怎么在网页上下载证书"
"69","下载证书需要怎么做"
"69","你们的网页可以下载网银证证书吗"
"69","你们的网银证书在哪里下载"
"7","基金购买成功到确认份额要多久"
"7","基金购买成功以后多久可以确认份额"
"7","基金购买成功以后间隔几天才会确认份额"
"7","基金购买后多久可以确认份额"
"7","基金购买后多久确认份额"
"7","基金购买以后不是立刻确认份额的吗"
"7","基金购买以后就确认份额了吗"
"70","进出闸机什么手机才能刷"
"70","进出闸机刷银行卡的手机品牌有要求嘛"
"70","什么手机支付可以刷你们的银行卡进出闸机"
"70","你们的银行卡刷闸机的话是不是有手机品牌要求"
"70","苹果可以进出闸机刷你们的银行卡嘛"
"70","哪些手机可以进出闸机刷你们的银行卡"
"70","哪些手机闪付你们的银行卡是支持的"
"70","我想知道哪些手机可以进出闸机刷卡"
"71","我需要查看我的贷记卡申请进度"
"71","我需要查看我的信用卡申请进度"
"71","我的贷记卡申请现在是什么进度了"
"71","我的贷记卡现在是什么进度"
"71","我的信用卡申请现在是什么进度了"
"71","我想看一下我信用卡的申请进度"
"71","贷记卡申请进度"
"71","查询贷记卡的申请进度"
"71","查询信用卡的申请进度"
"71","我想看一下我信用卡贷记卡"
"71","我的信用卡现在是什么进度"
"72","什么公司才能开通etc"
"72","公司开通etc的程序是什么"
"72","公司开通etc的话需要什么材料"
"72","公司怎么开通etc"
"72","公司可以开通etc嘛"
"72","公司可以开通etc吗"
"72","公司想要开通etc需要怎么做"
"72","公司开通etc需要带什么资料"
"73","在哪里可以重置我的校园卡密码"
"73","校园卡密码不记得了可以重新设置吗"
"73","你们可以帮我找回校园卡的密码吗"
"73","我的校园卡密码忘了怎么办"
"73","校园卡密码忘了可以找回来吗"
"74","我想问一下你们的黄金能不能回头再买"
"74","我想再买一点黄金"
"74","我还想再买点黄金"
"74","我可不可以再买一点黄金"
"74","我现在买了之后还能再买嘛"
"74","我之后还可以来买黄金嘛"
"74","黄金还能不能再买一点"
"74","黄金能回购嘛"
"74","我可以回购黄金嘛"
"75","如何重新设定企业网银密码"
"75","如何重置企业网银密码"
"75","我想重置企业网银登录密码"
"75","我忘记了企业网银密码"
"75","怎么重置企业网银登录密码"
"75","忘记企业网银密码怎么办"
"75","操作员网银登录密码忘记了怎么办"
"75","企业网银登录密码要怎么重置"
"76","准备哪些材料才能进行企业一般户销户"
"76","企业一般户如何销户"
"76","企业一般户怎么进行销户"
"76","企业一般户销户需要哪些材料"
"76","企业一般户销户需要准备些什么"
"76","企业一般户销户如何办理"
"77","手机银行的取款额度是多少"
"77","手机银行的取款额度怎么查看"
"77","手机银行的转账限额是多少"
"77","手机银行是不是有取款限制"
"77","我想看一下我手机银行有多少取款限额"
"77","手机银行有多少限额"
"77","请问一下我手机银行的取款额度"
"77","查询一下我手机银行的取款额度"
"77","我手机银行的取款限额是多少"
"77","手机银行有多少取款额度"
"78","我能不能分期还信用卡的账单"
"78","我想申请信用卡的账单分期"
"78","信用卡的消费账单能不能分期"
"78","信用卡的消费账单能不能分期还款"
"78","信用卡能不能分期还款"
"78","申请信用卡的账单分期"
"78","申请信用卡消费账单分期付款"
"78","申请信用卡账单分期还款"
"78","信用卡消费的账单能不能分期付款"
"78","我可以申请信用卡消费账单分期吗"
"79","信用卡的积分会不会清零"
"79","信用卡的积分会一年清一次吗"
"79","信用卡的积分什么时候清零"
"79","贷记卡的积分会持续积累吗"
"79","我信用卡到期之后积分会不会清零"
"79","我的贷记卡到期续卡积分会有影响吗"
"79","我的贷记卡的积分会不会随着我卡到期而清除"
"79","信用卡积分有没有兑换期限"
"8","我的车易卡还款日是什么时候"
"8","车易卡的还款期限有多久"
"8","车易卡的还款时间可以更改吗"
"8","车易卡还款日怎么计算"
"8","车易卡有没有固定的还款日"
"80","企业手机银行和企业网银有什么区别"
"80","企业手机银行和企业网银有区别吗"
"80","企业手机银行和企业网银有哪些区别"
"80","企业手机银行和企业网银是同一套系统吗"
"80","企业手机银行和企业网银共用一套系统吗"
"81","个人存款证明有英文格式吗"
"81","个人存款证明有英文版本吗"
"81","个人存款证明有没有英文格式"
"81","个人存款证明可以用英文吗"
"81","我想打印英文格式的个人存款证明"
"81","个人存款证明可以打印英文版本吗"
"82","我可以在哪儿开通贷记卡的电子账单"
"82","我可以在哪儿开通信用卡的电子账单"
"82","我没有办网银怎么才能开通贷记卡的电子账单"
"82","我没有办网银怎么才能开通信用卡的电子账单"
"82","信用卡的电子账单功能可以在哪儿开通"
"82","信用卡的电子账单功能要怎么才能开通"
"82","信用卡的电子账单开通有哪几种方式"
"82","信用卡的电子账单怎么开通"
"82","开通贷记卡的电子账单需要带什么"
"82","开通信用卡的电子账单需要带什么"
"82","我需要带什么资料才能去你们行里办贷记卡的电子账单"
"82","我需要带什么资料才能去你们行里办信用卡的电子账单"
"82","贷记卡的电子账单功能可以在哪儿开通"
"82","贷记卡的电子账单功能要怎么才能开通"
"82","贷记卡的电子账单开通有哪几种方式"
"82","贷记卡的电子账单怎么开通"
"82","贷记卡开通电子账单"
"82","我怎么才能开通贷记卡的电子账单"
"82","我怎么才能开通信用卡的电子账单"
"82","我想开通贷记卡的电子账单"
"82","我想开通信用卡的电子账单"
"83","车易卡的出账日怎么算"
"83","车易卡的账单日是固定的吗"
"83","你们的车易卡出账日是什么时候"
"83","这张车易卡的账单日是什么时候"
"83","车易卡什么时候出账"
"84","网上转账要手续费吗"
"84","网银上面转账要不要手续费"
"84","我在网上汇款你们要收手续费吗"
"84","我的网上转账汇款你们要手续费吗"
"84","网上转账要不要手续费"
"84","网上银行转账汇款需要支付多少手续费"
"84","网上汇款要手续费吗"
"84","我想问一下网银转账要不要手续费"
"84","我在网上转钱要手续费吗"
"84","我在网上转账的话你们要不要收手续费"
"85","只有做了风险评估才能购买理财吗"
"85","购买理财产品可不可以不做风险评估"
"85","购买理财必须做风险评估吗"
"85","不做风险评估是不是就不能买理财了"
"85","买理财之前一定要风险评估吗"
"86","电子钱包卡有密码嘛"
"86","电子钱包卡是不是有密码"
"86","电子钱包卡能不能设置密码"
"86","我想给电子钱包卡设置密码"
"86","电子钱包卡的密码可以设置嘛"
"86","我需要给我的电子钱包卡设置密码"
"86","我能不能给电子钱包卡设置密码"
"86","电子钱包卡可以设置密码嘛"
"87","企业一般户的开户要求"
"87","企业一般户如何办理"
"87","企业一般户面相的对象"
"87","企业一般户的适用对象"
"87","企业一般户办理的要求"
"88","2类户最多可以消费多少钱"
"88","2类户的消费额度是多少"
"88","二类户最多可以消费多少钱"
"88","Ⅱ类户最多可以消费多少钱"
"88","二类户的消费额度是多少"
"89","我想问一下电子钱包卡坐公交的话打几折"
"89","我想问一下电子钱包卡坐公交的话打折嘛"
"89","用电子钱包卡坐公交打折嘛"
"89","我想知道电子钱包卡坐公交是不是可以打折"
"89","拿电子钱包卡坐公交车是不是有优惠"
"89","请问一下电子钱包卡坐公交打不打折"
"89","电子钱包卡在宁波坐公交打几折"
"89","电子钱包卡坐公交车有优惠嘛"
"89","电子钱包卡坐公交打几折"
"9","企业来账明细要怎么查询"
"9","如何查询外币账户明细"
"9","企业网银如何查询外币账户明细"
"9","怎么查询企业来账明细"
"9","如何通过企业网银查询来账"
"90","信用卡绑定的家庭电话能不能修改"
"90","信用卡绑定的家庭电话需要修改"
"90","信用卡当时填的座机需要更改"
"90","信用卡的绑定家庭电话需要更换一下"
"90","贷记卡家庭电话修改"
"90","贷记卡绑定的家庭电话需要修改"
"90","贷记卡当时填的座机需要更改"
"90","贷记卡的绑定家庭电话需要更换一下"
"90","贷记卡绑定的家庭电话能不能修改"
"91","如何解锁企业手机银行密码"
"91","企业手机银行密码被锁定了怎么办"
"91","企业手机银行密码锁定会自动解锁吗"
"91","企业手机银行密码如何解锁"
"91","企业手机银行密码何时解锁"
"92","准备哪些材料才能进行存折定期信息查询"
"92","存折定期信息查询如何处理"
"92","存折定期信息查询怎么进行"
"92","存折定期信息查询需要准备些什么"
"92","存折定期信息查询怎么办"
"92","存折定期信息查询需要哪些材料"
"93","手机上面不能多加几个账户嘛"
"93","手机上能不能多设置几个账户"
"93","手机银行可以添加多个账户嘛"
"93","手机银行想多添加几个账户"
"93","我想在手机上多加几个账户"
"93","手机银行怎么添加账户"
"93","请问一下手机银行的账户怎么添加"
"93","我能不能在手机银行上面多加几个账户"
"93","我想了解一下手机银行怎么添加多个账户"
"93","手机银行怎么添加多个账户"
"94","如何更改网银USBKey密码"
"94","USBKey密码要怎么维护"
"94","我想修改企业网银USBKey密码"
"94","修改USBKey密码的方法"
"94","USBKey密码要怎么修改"
"95","信用卡积分查看途径"
"95","信用卡积分查询方式"
"95","信用卡可以在哪儿看积分"
"95","贷记卡查询积分在哪儿看"
"95","我可以在哪儿看我贷记卡的积分"
"95","你们的网银上面可以看信用卡的积分吗"
"95","我怎么可以看到我的信用卡积分"
"95","我可以通过什么看我的信用卡积分"
"95","贷记卡的积分查询可以通过哪种方式"
"96","怎么给贷记卡未出账单分期"
"96","我想在信用卡账单没出前给他分期还款"
"96","信用卡可以给没出的账单分期吗"
"96","我需要给贷记卡未出的账单分期"
"96","我需要给信用卡未出的账单分期"
"96","怎么在账单出来之前分期"
"96","贷记卡可以给没出的账单分期吗"
"96","贷记卡未出账单明细查询"
"96","贷记卡怎么在账单出来之前分期"
"96","我的贷记卡账单还没出能不能申请分期"
"96","我想给我的贷记卡在出账单前分期"
"96","我想给我的信用卡在出账单前分期"
"96","我能不能在账单出来之前给贷记卡分期"
"96","我能不能在账单出来之前给信用卡分期"
"96","我想在贷记卡账单没出前给他分期还款"
"96","怎么给信用卡未出账单分期"
"97","信用卡的分期还款可以在哪儿办"
"97","信用卡的分期在哪儿办"
"97","信用卡的分期怎么办"
"97","我能不能申请信用卡的分期还款"
"97","我的信用卡想要申请分期还款"
"97","我怎么才能申请信用卡的分期"
"97","我可以申请信用卡的分期还款嘛"
"97","什么情况下我才能申请信用卡的分期还款"
"98","信用卡在你们柜台取款要不要手续费"
"98","信用卡在你们异地的柜台取款是否需要手续费"
"98","信用卡在你们异地柜台取款要不要手续费"
"98","你们的信用卡在异地柜台取款要手续费嘛"
"98","你们的信用卡在柜台取款要手续费嘛"
"98","你们的信用卡在他行柜台取款要手续费嘛"
"98","你们的信用卡在外地的柜台取款要手续费嘛"
"98","信用卡在他行柜台取款要不要手续费"
"99","存折交易密码修改需要准备些什么"
"99","存折交易密码修改怎么进行"
"99","存折想进行交易密码修改怎么办"
"99","准备哪些材料才能进行存折交易密码修改"
"99","存折交易密码修改如何进行"
"99","存折交易密码修改需要哪些材料"
